id,A actualiser,Date d'actualisation,Nom,Adresse,Public(s) bénéficiaire(s),Description,Email,Téléphone,Site web,Catégorie 1,Catégorie 2,Catégorie 3,Catégorie 4,Catégorie 5,Catégorie 6,Catégorie 7
1717,,1/11/2021,Mission Locale du bassin d'emploi de Rennes - WE KER ,"7, rue de la Parcheminerie 35000 Rennes",Jeunes entre 16 et 25 ans.,"Vous êtes un jeune entre 16 et 25 ans, en vous rendant à la mission locale, vous pourrez bénéficier d'un accompagnement personnalisé vers l'emploi. Vous y trouverez également des réponses à vos questions, si vous avez des besoins de formation, de logement ou de santé.

Horaires : Lundi, Mardi, Mercredi, Vendredi : 9h00–17h30 et Jeudi : 9h-18h30.

Transports : Métro République.",NA,02 99 78 00 78,https://we-ker.org,S'orienter,Se réinsérer,,,,,
,,1/6/2021,Pôle emploi -  Rennes Centre,"22, rue de Redon, 35000 Rennes",Demandeurs d'emploi.,"Votre inscription de demandeur d'emploi à Pôle emploi, vous permettra de toucher vos indemnisations chômage et de bénéficier d'un accompagnement vers l'emploi.

Horaires : Lundi, Mardi, Mercredi, Jeudi, vendredi : 8h30-12h30.

Transports : Métro République.  ",NA,09 72 72 39 49,https://www.pole-emploi.fr/accueil/,Se réinsérer,Se réinsérer,,,,,
,,1/6/2021,Pôle emploi - Rennes Nord,"4, rue René Dumont, 35706 Rennes",Demandeurs d'emploi.,"Votre inscription de demandeur d'emploi à Pôle emploi, vous permettra de toucher vos indemnisations chômage et de bénéficier d'un accompagnement vers l'emploi.

Horaires : Lundi, Mardi, Mercredi, Jeudi, vendredi : 8h30-12h30 ",NA,09 72 72 39 49,https://www.pole-emploi.fr/accueil/,Se réinsérer,Se réinsérer,,,,,
,,1/6/2021,Pole emploi - Rennes Est,"Immeuble, Lotus, 22 rue du Bignon, 35000 Rennes",Demandeurs d'emploi.,"Votre inscription de demandeur d'emploi à Pôle emploi, vous permettra de toucher vos indemnisations chômage et de bénéficier d'un accompagnement vers l'emploi.

Horaires : Lundi, Mardi, Mercredi, Jeudi, vendredi : 8h30-12h30 ",NA,09 72 72 39 49,https://www.pole-emploi.fr/accueil/,Se réinsérer,Se réinsérer,,,,,
,,1/6/2021,Pôle emploi - Rennes Sud ,"2, Bus Avenue des Pays Bas, 35000 Rennes",Demandeurs d'emploi.,"Votre inscription de demandeur d'emploi à Pôle emploi, vous permettra de toucher vos indemnisations chômage et de bénéficier d'un accompagnement vers l'emploi.

Horaires : Lundi, Mardi, Mercredi, Jeudi, vendredi : 8h30-12h30.

Transports : Métro Triangle.",NA,09 72 72 39 49,https://www.pole-emploi.fr/accueil/,S'orienter,Se réinsérer,,,,,
,,1/14/2021,Centre Communal d'Action Sociale (CCAS) - Antenne des Champs Manceaux),"Espace social Le Blosne
1, rue Louis et rené Moine 35000 Rennes","CCAS : Jeunes, personnes en situation de précarité, personnes agées ou handicapées.
","Votre CCAS :
. Accès RSA , Aides financières, Carte Sortir, Gratuité des transports, Carte sortir, Aides aux vacances des enfants, aides pour les personnes âgées et personnes handicapées.

Horaires : Lundi, Mardi*, Mercredi, Jeudi, Vendredi : 8h30-12h30 et 13h30-17h. *Fermé le mardi matin.

Transports :  Bus C3 Arrêt de bus Frères Moine, Métro Clemenceau.",NA,02 23 62 21 76,,S'orienter,Se réinsérer,Se déplacer ,,,,
,,1/14/2021,"Centre Départemental d'Action Social (CDAS) - Antenne des Champs Manceaux)
","15, rue Louis et René Moine, 35000 Rennes","
CDAS : Enfants, jeunes, femmes enceintes, parents,
personnes en situation de précarité, personnes agées ou handicapées.","Votre CDAS :
. Protection maternelle et infantile (PMI),  Soutien à la parentalité, Protection de l’enfance, Lutte contre les exclusions, Solidarité personnes âgées, Centre de vaccination.

Horaires : Du Lundi au Mercredi : 9h - 12h30 et 14h - 17h30, Jeudi : 14h - 17h30, Vendredi :  9h - 12h30
et 14h - 16h30.

Transports : Bus : C3 arrêt Champs Manceaux ",NA,02 99 02 48 88,,S'orienter,Se soigner,S'occuper de soi,,,,
1747,,1/6/2021,Centre Communal d'Action Sociale (CCAS)  et Centre Départemental d'Action Social (CDAS) -  Antennes de Cleunay- Saint Cyr,"25, rue Noël BLAYAU 35000 Rennes","CCAS : Jeunes, personnes en situation de précarité, personnes agées ou handicapées.

CDAS : Enfants, jeunes, femmes enceintes, parents,
personnes en situation de précarité, personnes agées ou handicapées.","Votre CCAS :
. Accès RSA , Aides financières, Carte Sortir, Gratuité des transports, Carte sortir, Aides aux vacances des enfants, aides pour les personnes âgées et personnes handicapées.

Horaires CCAS  : Lundi, Mardi*, Mercredi, Jeudi, Vendredi : 8h30-12h30 et 13h30-17h. *Fermé le mardi matin.

CDAS :
. Protection maternelle et infantile (PMI),  Soutien à la parentalité, Protection de l’enfance, Lutte contre les exclusions, Solidarité personnes âgées, Centre de vaccination.

Horaires CDAS : Du Lundi, Mercredi, Jeudi  : 8h30 - 12h30 et 13h30 - 17h30, Mardi : 13h30 - 17h30, Vendredi :  8h30 - 12h30 et 13h30 - 16h30.

Transports : Bus 56, arrêt Chèques Postaux 9, arrêt Voltaire, Metro  République.
",NA,"Numéro CCAS : 02 99 35 41 90
Numéro CDAS : 02.99.02.20.13",NA,S'orienter,Se soigner,S'occuper de soi,Se réinsérer,Se déplacer,,
,,1/14/2021,"Centre Communal d'Action Sociale (CCAS) et Centre Départemental d'Action Sociale (CDAS) - Antennes du Blosne
","7, boulevard de Yougoslavie 35000 Rennes","CCAS : Jeunes, personnes en situation de précarité, personnes agées ou handicapées.

CDAS : Enfants, jeunes, femmes enceintes, parents,
personnes en situation de précarité, personnes agées ou handicapées.","Votre CCAS :
. Accès RSA , Aides financières, Carte Sortir, Gratuité des transports, Carte sortir, Aides aux vacances des enfants, aides pour les personnes âgées et personnes handicapées.

Horaires CCAS : Lundi, Mardi*, Mercredi, Jeudi, Vendredi : 8h30-12h30 et 13h30-17h. *Fermé le mardi matin.

CDAS :
. Protection maternelle et infantile (PMI),  Soutien à la parentalité, Protection de l’enfance, Lutte contre les exclusions, Solidarité personnes âgées, Centre de vaccination.

Horaires CDAS  : Du lundi au Jeudi : 9h30 - 12h30 et 13h30 - 17h, vendredi : 9h30 - 12h30 et 13h30 - 16h30.

Transports : Métro : Triangle / Le Blosne.",NA,"CCAS : 02 23 62 26 00
CDAS : 02 23 30 10 10",NA,S'orienter,Se soigner,S'occuper de soi,Se réinsérer,Se déplacer,,
1747,,1/14/2021,Centre Communal d'Action Sociale (CCAS) et Centre départemental d'Action Social (CDAS) -  Antennes de  Maurepas,"11, place du Gros Chêne 35000 Rennes","CCAS : Jeunes, personnes en situation de précarité, personnes agées ou handicapées.

CDAS : Enfants, jeunes, femmes enceintes, parents,
personnes en situation de précarité, personnes agées ou handicapées.","Votre CCAS :
. Accès RSA , Aides financières, Carte Sortir, Gratuité des transports, Carte sortir, Aides aux vacances des enfants, aides pour les personnes âgées et personnes handicapées.

Horaires CCAS : Lundi, Mardi*, Mercredi, Jeudi, Vendredi : 8h30-12h30 et 13h30-17h. *Fermé le mardi matin.

Votre CDAS :
. Protection maternelle et infantile (PMI),  Soutien à la parentalité, Protection de l’enfance, Lutte contre les exclusions, Solidarité personnes âgées, Centre de vaccination.

Horaires CDAS : Du Lundi au Mercredi : 8h30 - 12h30 et 14h - 17h30, Jeudi : 13h30 - 17h30, Vendredi :  8h30 - 12h30 et 13h30 - 17h00.  Sur rendez-vous Lundi et Jeudi 8h30-12h30.

Transports : Bus C5 arrêt Gros Chêne ou bus 9 arrêt Saint-Exupéry.",NA,"Numéro CCAS : 02.99.27.48.30
Numéro CDAS : 02.99.27.48.00
",NA,S'orienter,Se soigner,S'occuper de soi,Se réinsérer,Se déplacer,,
1747,,1/14/2021,Centre Communal d'Action Sociale (CCAS) et Centre départemental d'Action Social (CDAS) -  Antennes de Villejean,"42, cours John Fitzgerald Kennedy  35000 Rennes","CCAS : Jeunes, personnes en situation de précarité, personnes agées ou handicapées.

CDAS : Enfants, jeunes, femmes enceintes, parents,
personnes en situation de précarité, personnes agées ou handicapées.","Votre CCAS :
. Accès RSA , Aides financières, Carte Sortir, Gratuité des transports, Carte sortir, Aides aux vacances des enfants, aides pour les personnes âgées et personnes handicapées.

Horaires CCAS : Lundi, Mardi*, Mercredi, Jeudi, Vendredi : 8h30-12h30 et 13h30-17h. *Fermé le mardi matin.

Votre CDAS :
. Protection maternelle et infantile (PMI),  Soutien à la parentalité, Protection de l’enfance, Lutte contre les exclusions, Solidarité personnes âgées, Centre de vaccination.

Horaires CDAS : Du Lundi au Mercredi : 9h - 12h30 et 13h30 - 17h30, Jeudi : 13h30 - 17h30, Vendredi :  8h30 - 16h30.

Transports : Métro : Kennedy.",NA,"Numéro CCAS : 02.23.46.85.10
Numéro CDAS : 02.99.02.20.10",NA,S'orienter,Se soigner,S'occuper de soi,Se réinsérer,Se déplacer,,
1707,,1/14/2021,"Service d'Accompagnement aux Femmes Enceintes en Difficulté (SAFED), Centre Communal d'Action Sociale (CCAS) et Centre Département d'Action Social (CDAS) - Antennes du Centre
","7, rue Kléber 35000 Rennes","SAFED : Femmes enceintes en difficulté.

CCAS : Jeunes, personnes en situation de précarité, personnes agées ou handicapées.

CDAS : Enfants, jeunes, femmes enceintes, parents, personnes en situation de précarité, personnes agées ou handicapées.

","Le SAFED est un service de prévention médico psycho sociale précoce s’adressant à des femmes enceintes en difficulté (problèmes familiaux, délai dépassé pour une IVG…).

Horaires SAFED : Lundi, Mardi, Mercredi, Jeudi : 8h30-12h30 et 13h30-17h 30 et Vendredi : 8h30-12h30 et 13h30-17h

Votre CCAS :
. Accès RSA , Aides financières, Carte Sortir, Gratuité des transports, Carte sortir, Aides aux vacances des enfants, aides pour les personnes âgées et personnes handicapées.

Horaires CCAS: Lundi, Mardi*, Mercredi, Jeudi, Vendredi : 8h30-12h30 et 13h30-17h  *Fermé le mardi matin

CDAS :
. Protection maternelle et infantile (PMI),  Soutien à la parentalité, Protection de l’enfance, Lutte contre les exclusions, Solidarité personnes âgées, Centre de vaccination.

Horaires CDAS : Lundi, Mardi*, Mercredi, Jeudi, Vendredi** : 8h30-12h30 er 13h30-17h30 *Fermé le mardi matin **Fermeture à 17h le vendredi

Transports : C3, arrêt Place Pasteur, Métro :  République.
",Mail SAFED : secretariat.safed@ille-et-vilaine.fr,"
Téléphone SAFED : 02.99.02.34.20
Téléphone CCAS/CDAS : 02.99.02.30.35


",,S'orienter,Se soigner,S'occuper de soi,Se réinsérer,Se déplacer,,
,,1/6/2021,Agence commerciale STAR - Gare (Espace KorriGo),"19 Place de la Gare, 35000 Rennes",Tous publics.,"Pour bénéficier de gratuité des transports à Rennes (bus et métro), vous devez d'abord créer gratuitement votre carte Korrigo dans l'une des agences commerciales dy réseau Star. Ensuite, vous pouvez aller dans un Centre Communal d'Action Social (CCAS) pour demander la gratuité des transports.

Horaires : Lundi au samedi, de 7h à 20h, Dimanche, de 13h à 20h (niveau 0) .

Transports : Station de métro Gare.

",NA,09 70 82 18 00,https://www.star.fr/actualites/espace-korrigo,S'orienter,Se déplacer,,,,,
,,1/6/2021,Agence commerciale STAR - Henri Fréville,"Avenue Henri Fréville, 35200 Rennes",Tous publics.,"Les agences commerciales du réseau STAR vous permettront de trouver toutes les informations sur le réseau des transports en communs de la métropole Rennaise, d'acheter un titre de transport, de créer et de recharger la carte KorriGo.

Attention : Pour bénéficier de la gratuité des transports, vous devez d'abord créer une carte Korrigo en vous rendant à dans une agence commerciale du réseau STAR.  Ensuite, vous pouvez aller dans un Centre Communal d'Action Social (CCAS) pour demander la gratuité des transports.

Horaires : Du lundi au vendredi de 7h30 à 12h.

Transports : Station de métro Henri Fréville.


",NA,09 70 82 18 00,https://www.star.fr/actualites/espace-korrigo,S'orienter,Se déplacer,,,,,
,,1/6/2021,Agence commerciale STAR - République,"12 rue du Pré Botté, 35000 Rennes",Tous publics.,"Les agences commerciales du réseau STAR vous permettront de trouver toutes les informations sur le réseau des transports en commun de la métropole Rennaise, d'acheter un titre de transport, de créer et de recharger la carte KorriGo.

Attention : Pour bénéficier de la gratuité des transports, vous devez d'abord créer une carte Korrigo en vous rendant à dans une agence commerciale du réseau STAR.  Ensuite, vous pouvez aller dans un Centre Communal d'Action Social (CCAS) pour demander la gratuité des transports.

Horaires : Du lundi au samedi de 8h30 à 18h30.

Transports : Station de métro République.
",NA,09 70 82 18 00,https://www.star.fr/actualites/espace-korrigo,S'orienter,Se déplacer,,,,,
,,1/6/2021,Agence commerciale STAR - Villejean Université,"Université Rennes,  Campus Villejean, 35000 Rennes",Tous publics.,"Les agences commerciales du réseau STAR vous permettront de trouver toutes les informations sur le réseau des transports en commun de la métropole Rennaise, d'acheter un titre de transport, de créer et de recharger la carte KorriGo.

Attention : Pour bénéficier de la gratuité des transports, vous devez d'abord créer une carte Korrigo en vous rendant à dans une agence commerciale du réseau STAR.  Ensuite, vous pouvez aller dans un Centre Communal d'Action Social (CCAS) pour demander la gratuité des transports.

Horaires : Du lundi au vendredi de 7h30 à 12h.

Transports : Station de métro Villejean - Université.
",NA,09 70 82 18 00,https://www.star.fr/actualites/espace-korrigo,S'orienter,Se déplacer,,,,,
,,1/6/2021,Caisse d'allocations familales - CAF d’Ille-et-Vilaine," Cours des Alliés, 35028 Rennes",Tous publics.,"La Caf verse les allocations familiales, les prestations logement ainsi qu’une partie des prestations destinées à lutter contre la pauvreté, comme le RSA ou la Prime d’activité. Les Caf ont en charge les assurés du régime général et du régime des indépendants. Pour les assurés du régime agricole, c’est la MSA qui s’en charge.

Désormais toutes les démarches administratives auprès de la Caf se font par internet. Cependant, il existe un point d'accueil de votre Caf sur Rennes, ou vous pourrez bénéficier :
. Permanence sur rendez-vous avec un travailleur social. Du lundi au vendredi : 8h30-17h
. D'une borne ""à travers le mur"" en libre service 24h/24 et 7 jours/7 et d'une borne à l'intérieur de l'accueil accessible aux heures d'ouverture du siège.
. De permanences pour sourds et malentendants : accueil: en langue des signes français, tous les jeudis de 12h30 à 16H30 et sans rendez-vous.
. De permanences du délégué des défenseurs des droits : Chaque mardi après-midi sur rendez-vous. Le défenseur des droits peut être saisi par toute personne physique ou morale qui s'estime lésée dans ses droits et libertés par le fonctionnement d'une administration de l'Etat, d'une collectivité territoriale, d'un établissement public ou d'un organisme investi d'une mission de service public. Vous pouvez prendre RDV auprès des correspondants des défenseurs des droits en téléphonant au 02 99 29 59 30.

A noter : La maison de services au public de Rennes (agence partenaire de la Caf) propose un accomagnement dans l'utilisation du site internet de la Caf.

Horaires : Lundi, Mardi, Mercredi, Jeudi, vendredi : 8h30-12h30 et 13h30-16h30.
Transports : Métro station Charles de Gaulles.
","Pour prendre rendez-vous auprès d'un travailleur social :

accompagnementsocial@cafrennes.cnafmail.fr","0 810 25 35 10 (service 0,06€/min + prix appel)

Un conseiller vous répond les lundi, mardi, mercredi, jeudi et vendredi de 9h à 16h30.",https://www.caf.fr/allocataires/caf-d-ille-et-vilaine/points-d-accueil/rennes-siege,S'orienter,,,,,,
,,1/7/2021,Maison des Services Au Public (MSAP)," 2 rue du Sous-Lieutenant Yves BERGER,
35200 Rennes",Tous publics.,"La maison de services au public de Rennes a pour mission de vous accompagner dans la réalisation de toutes vos démarches administratives (courriers, remplissage de dossiers et formulaires, CV, lettre de motivation…) et de vous orienter vers le bon interlocuteur. L'agence dispose également d'un espace numérique, accessible avec ou sans accompagnement. Tous les services proposés par la maison des services au public sont gratuits et accessibles sans rendez-vous.

Horaires : Lundi, Mardi*, Mercredi, Jeudi*, Vendredi : 9h- 12h30 et 14h- 17h15. *Fermé le Mardi et le Jeudi matin.

Transports : Métro Henri Fréville.",rennes@pimms.org,02 99 32 02 58,https://www.maisondeservicesaupublic.fr/content/pimms-rennes-sud,S'orienter,,,,,,
1735,,1/14/2021,Centre d’Examens de Santé de la CPAM d’Ille-et-Vilaine,"3, place du Colombier 35000 Rennes",Tous publics.,"Examens de santé gratuits (sur rendez-vous)

Horaires : Lundi, Mardi, Mercredi, Jeudi, Vendredi : 8h-16h45
Inscription sur place le jeudi de 10h30-12h ou par téléphone du lundi au vendredi de 8h15-16h45

Transports : Metro Charles de Gaulles",NA,02.23.44.00.44,NA,Se soigner,,,,,,
,,1/7/2021,Caisse Primaire d'Assurance Maladie (CPAM) - Centre,7 cours des Alliés 35000 Rennes,Tous publics.,"Votre Caisse Primaire d'Assurance Maladie a plusieurs missions :
.La création et la mise à jour de votre carte vitale.
.L'obtention d'informations si vous êtes victime d'un accident causé par un tiers.
.L'accès à des guichets automatiques.
.De trouver l'adresse d'un médecin à Rennes et sur l'ensemble du département d'ille et Vilaine.
.Suivre vos remboursements.

Important : si vous n'avez ni sécurité sociale, ni complémentaire santé, il est possible de vous faire soigner gratuitement. Selon votre statut, il vous sera possible de bénéficier de l'Aide Médicale d'Etat (AME), La Protection Universelle Maladie (PUMA), et la la Complémentaire Santé Solidaire (CSS ex CMU-C ou ACS).

Horaires : Lundi, Mardi, Mercredi, Jeudi*, Vendredi : 8h30 - 17h. *sauf le 1er jeudi de chaque mois 8h30 - 12h30.

Transports: Bus 54, arrêt Charles de Gaulle C2, C3, C4, arrêt République C2, arrêt Gare, Métro :  Charles de Gaulle ou Gare.

",NA,3646,"

http://www.ameli.fr/assures/votre-caisse-ille-et-vilaine/index_ille-et-vilaine.php",S'orienter,Se soigner,,,,,
,,1/7/2021,Caisse Primaire d'Assurance Maladie (CPAM) -  Fréville,"218 , rue de Châtillon 35000 Rennes",Tous publics.,"Votre Caisse Primaire d'Assurance Maladie a plusieurs missions :
.La création et la mise à jour de votre carte vitale.
.L'obtention d'informations si vous êtes victime d'un accident causé par un tiers.
.L'accès à des guichets automatiques.
.De trouver l'adresse d'un médecin à Rennes et sur l'ensemble du département d'ille et Vilaine.
.Suivre vos remboursements.

Important : si vous n'avez ni sécurité sociale, ni complémentaire santé, il est possible de vous faire soigner gratuitement. Selon votre statut, il vous sera possible de bénéficier de l'Aide Médicale d'Etat (AME), La Protection Universelle Maladie (PUMA), et la Complémentaire Santé Solidaire (CSS ex CMU-C ou ACS).  .

Horaires : Lundi, Mardi, Mercredi, Jeudi*, Vendredi : 8h30-17h. *sauf le 1er jeudi de chaque mois 8h30 - 12h30

Transports : Bus C3, 13, arrêt Henri Fréville / Métro : Henri Fréville.
",NA,3646,"

http://www.ameli.fr/assures/votre-caisse-ille-et-vilaine/index_ille-et-vilaine.php",S'orienter,Se soigner,,,,,
,,1/7/2021,Caisse Primaire d'Assurance Maladie (CPAM) -  Maurepas,"11b, place du Gros-Chêne  35000 Rennes",Tous publics.,"Votre Caisse Primaire d'Assurance Maladie a plusieurs missions :
.La création et la mise à jour de votre carte vitale.
.L'obtention d'informations si vous êtes victime d'un accident causé par un tiers.
.L'accès à des guichets automatiques.
.De trouver l'adresse d'un médecin à Rennes et sur l'ensemble du département d'ille et Vilaine.
.Suivre vos remboursements.

Important : si vous n'avez ni sécurité sociale, ni complémentaire santé, il est possible de vous faire soigner gratuitement. Selon votre statut, il vous sera possible de bénéficier de l'Aide Médicale d'Etat (AME), La Protection Universelle Maladie (PUMA), et la Complémentaire Santé Solidaire (CSS ex CMU-C ou ACS).  .

Horaires : Lundi, Mardi, Mercredi, Jeudi*, Vendredi : 8h30 - 17h. *sauf le 1er jeudi de chaque mois 8h30 - 12h30.

Transports :  Bus C5, 51, arrêt Gros Chêne.
",NA,3646,"

http://www.ameli.fr/assures/votre-caisse-ille-et-vilaine/index_ille-et-vilaine.php",S'orienter,Se soigner,,,,,
,,1/7/2021,Caisse Primaire d'Assurance Maladie (CPAM) - Villejean,"35, cours Kennedy 35000 Rennes",Tous publics.,"Votre Caisse Primaire d'Assurance Maladie a plusieurs missions :
.La création et la mise à jour de votre carte vitale.
.L'obtention d'informations si vous êtes victime d'un accident causé par un tiers.
.L'accès à des guichets automatiques.
.De trouver l'adresse d'un médecin à Rennes et sur l'ensemble du département d'ille et Vilaine.
.Suivre vos remboursements.

Important : si vous n'avez ni sécurité sociale, ni complémentaire santé, il est possible de vous faire soigner gratuitement. Selon votre statut, il vous sera possible de bénéficier de l'Aide Médicale d'Etat (AME), La Protection Universelle Maladie (PUMA), et la Complémentaire Santé Solidaire (CSS ex CMU-C ou ACS).

Horaires : Lundi, Mardi, Mercredi, Jeudi*, Vendredi : 8h30 - 17h. *sauf le 1er jeudi de chaque mois 8h30 - 12h30

Transports :  Bus C4, 14, arrêt Villejean-Université Métro : Villejean-Université.",NA,3646,"

http://www.ameli.fr/assures/votre-caisse-ille-et-vilaine/index_ille-et-vilaine.php",S'orienter,Se soigner,,,,,
1716-1703,oui ,1/14/2021,Restaurant Social Leperdit (Le Fourneau),"5, rue Clémence Royer 35000 Rennes",Les personnes majeures sans révenu ou à faibles revenus. Les personnes sans domicile fixe et sans abris. ,"
Restaurant social : Repas à 1 euro, Déjeuner sur place ou à emporter.
Horaires de la structure : Lundi, Mardi, Mercredi, Jeudi, Vendredi : 8h45-12h45 et Samedi : 8h45-11h45.

Permanences (attention souvent sur rendez-vous, plus d'informations sur place auprès des travailleurs sociaux) :
.CSAPA - CHGR : 10h-12h.
.We Ker - Mission Locale : 1 er et 3 eme mardi du mois : 10h-12h.
.Aids-Caarud : Dernier mardi du mois : 10h-12h.
.Pass (Réseau Louis-Guilloux) : Mercredi : 11h-12h30
.Espace numérique  : 1 mercredi sur 2 :  9h30-12h.
.Equipe Mobile Psychiatrie Précarité (EMPP) : Jeudi 11h-12h00.
.Aide juridique d'urgence : Vendredi : 9h-11h.

Transports : Bus 9, arrêt Voltaire, Malakoff.
",restaurant.leperdit@ccasrennes.fr ,02.99.67.37.30,NA,S'orienter,Se soigner,Se nourrir,S'occuper de soi,,,
,,1/12/2021,Permanences de la Caisse Primaire d'Assurance Maladie (CPAM) au Restos du Cœur,"118, rue de l'Alma 35000 Rennes",Tous publics.,"Votre Caisse Primaire d'Assurance Maladie a plusieurs missions :
.La création et la mise à jour de votre carte vitale.
.L'obtention d'informations si vous êtes victime d'un accident causé par un tiers.
.L'accès à des guichets automatiques.
.De trouver l'adresse d'un médecin à Rennes et sur l'ensemble du département d'ille et Vilaine.
.Suivre vos remboursements.

Important : si vous n'avez ni sécurité sociale, ni complémentaire santé, il est possible de vous faire soigner gratuitement. Selon votre statut, il vous sera possible de bénéficier de l'Aide Médicale d'Etat (AME), La Protection Universelle Maladie (PUMA), et la Complémentaire Santé Solidaire (CSS ex CMU-C ou ACS).  .

Horaires : Accueil physique  : Lundi, Mardi, Jeudi : 8h30-11h

Transports : Bus C1, C2, Arrêt Jacques Cartier, Métro Jacques Cartier ou Clémenceau
",NA,02.23.30.28.50,,S'orienter,Se soigner,,,,,
,,1/12/2021,Permanences de la Caisse Primaire d'Assurance Maladie (CPAM) au Réseau Louis Guilloux,"12 ter, avenue de Pologne bâtiment le Samara, 3 e étage ",Tous publics.,"Votre Caisse Primaire d'Assurance Maladie a plusieurs missions :
.La création et la mise à jour de votre carte vitale.
.L'obtention d'informations si vous êtes victime d'un accident causé par un tiers.
.L'accès à des guichets automatiques.
.De trouver l'adresse d'un médecin à Rennes et sur l'ensemble du département d'ille et Vilaine.
.Suivre vos remboursements.

Important : si vous n'avez ni sécurité sociale, ni complémentaire santé, il est possible de vous faire soigner gratuitement. Selon votre statut, il vous sera possible de bénéficier de l'Aide Médicale d'Etat (AME), La Protection Universelle Maladie (PUMA), et la Complémentaire Santé Solidaire (CSS ex CMU-C ou ACS).  .

Horaires : Accueil physique  :Mardi, Mercredi , Jeudi, Vendredi : 9h18h
Accueil téléphonique : Lundi, Mardi, Mercredi, Jeudi, Vendredi : 8h-18h

Transports : Métro Le Blosne",NA,02.99.32.47.36,,S'orienter,Se soigner,,,,,
,,1/7/2021,Le Relais : Service de prévention spécialisée (SEA35),"ZA la Hallerais, 8 allée du Blosne
35770 Vern-sur-Seiche","En priorité, les jeunes entre
11 et 21 ans en situation de
précarité.","Les travailleurs sociaux de cette organisation ont pour but de conseiller et de réorienter des jeunes (11-21 ans) en voie de marginisation.  Par une présence régulière sur l'espace public les éducateurs du relais établissent une relation de confiance avec les jeunes, en leur laissant le choix d'adhérer à un accompagnement éducatif mutuellement défini.

Modalité de contact : L'équipe se déplace en travail de rue, à la rencontre des jeunes sur leurs lieux de fréquentation (rue, squats...).
",lerelais@sea35.org,02 99 53 76 53,https://www.sea35.org/pmo,S'orienter,Se réinsérer,Se soigner,,,,
,,1/7/2021,Préfecture ,"3, avenue de la Préfecture 35000 Rennes",Tous publics.,"Horaires : Lundi - Mardi - Mercredi - Jeudi - Vendredi  : 9h - 16h.

Transports : Bus C4, 14, arrêt Préfecture / Métro : Pontchaillou ou Villejean Université.
",NA,NA,ille-et-vilaine.gouv.fr,S'orienter,Se réinsérer,,,,,
,,1/7/2021,Mairie de Rennes,Place de la mairie 35000 Rennes,"Français, UE.","Les services formalités de la ville permettront aux personnes originaires de l'union européenne et aux réfugiés d'obtenir une carte d'identité.

Horaires: Lundi - Mardi - Mercredi - Jeudi - Vendredi    8h30 - 17h, Samedi : 9h30 - 12h.

Transports : Bus 12, arrêt Rennes Mairie / Métro : République.
",NA,02 23 62 10 10,metropole.rennes.fr,S'orienter,Se réinsérer,,,,,
,oui ,1/14/2021,Association Aide Juridique d'Urgence,"110 Rue de la Poterie, 35200 Rennes",Personnes en situation de précarité.,"L'AJU organise des permanences téléphoniques de conseil juridique généraliste à destination des personnes en situation précaire : Lundi, Mardi, Mercredi, jeudi, Vendredi.

",aidejuridiqueurgence@free.fr,02.99.51.48.31,NA,S'orienter,,,,,,
6793,Oui ,1/14/2021,Centre d'Information des Droits Des Femmes et des Familles  (CIDFF 35),"21, rue de la Quintaine 35000 Rennes",Tous publics.,"Centre d'information sur les droits des femmes et des familles. Permanences d'avocats et accompagnement juridique.

Horaires : Aujourd'hui CIDFF35 ne reçoit plus de public dans ses locaux. Toutes ses permanences avec des avocats, des notaires et des juristes sont maintenues par téléphone. Le public et les professionnels qui souhaitent avoir de l'information peuvent prendre rendez-vous au 02.99.20.80.89.

Transports  : Bus C2 arrêt Les Lices, Bus C1, C5, 8 et 9 arrêt Saine-Anne. Métro Sainte Anne
",cidff.secretariat@orange.fr,NA,http://illeetvilaine.cidff.info/,S'orienter,,,,,,
,,1/14/2021,Cité Judiciaire,"7, rue Pierre Abélard, 35000 Rennes",Tous publics.,"
Horaires permanence d'avocats : Vendredi 13h30-15h10 (Sur Rendez-vous)

Transports : Bus, 9, 15, 17, Arrêt Cité Judiciaire",NA,02.99.31.16. 62,NA,S'orienter,,,,,,
"6789 (Croix rouge soins) et 6790
- 1702 - 8079 - 1715",oui ,1/21/2021,La Croix Rouge française - Unité Locale de Rennes,"4, Rue du Bois Perrin, 35000 Rennes","• les personnes sans droit,
sans statut et sans ressources
• les personnes majeures avec ou sans enfant et sans logement
Inscription sur dossier ou sur orientation d'un travailleur social","
La Croix Rouge est une association d'aide humanitaire. L'unité locale de Rennes propose les services suivants :

. Permanence médecin :  Mardi et jeudi de 10h-11h30 (+ Maraudes médicales).
. Vesti'Boutique : Mardi, Mercredi, Jeudi, 9h30-12h30 et 14h30-17h, Vendredi : 9h30-12h30. (Participation financière mais gratuité sur prescription sociale)
. Election de domicile (Pour les personnes sans droit au séjour, sur rdv) : Lundi, Mardi, 13h30-15h30, Mecredi : 9h30-11h30 et Jeudi : 9h30-11h30 et 13h30-15h30.
. Distribution de courrier : Mardi, Vendredi : 9h30-11h30

Transports  : Bus C1. Arrêt Sauvaie. ",ul.rennes@croix-rouge.fr,"Soins : 02.99.67.75.73
Numéro : 02 99 67 75 77",https://www.facebook.com/Croix-Rouge-fran%C3%A7aise-%C3%A0-Rennes-588132871571717/,Se soigner,S'occuper de soi,S'orienter,Se réinsérer,"Vêtements, matériel",,
"6789 (Croix rouge soins) et 6790
- 1702 - 8079 - 1715",oui ,1/21/2021,La Croix Rouge française - Unité Locale de Rennes,"4, Rue de la Sauvaie, 3500 Rennes","• les personnes sans droit,
sans statut et sans ressources
• les personnes majeures avec ou sans enfant et sans logement
Inscription sur dossier ou sur orientation d'un travailleur social","
La Croix Rouge est une association d'aide humanitaire. L'unité locale de Rennes propose les services suivants :

.Panier repas (Inscription et prescription sociale obligatoire, participation financière demandée): Mardi, mercredi, Jeudi matin pour les bénéficiaires enregistrés uniquement. Les orientations se font auprès des travailleurs sociaux (alimentaire.crfrennes@gmail.com).  Actuellement ce service n'est plus accesible aux nouveaux arrivants.

Transports  : Bus C1. Arrêt Sauvaie. ",ul.rennes@croix-rouge.fr,Numéro : 02 99 67 75 77 ou 02 99 67 75 70,https://www.facebook.com/Croix-Rouge-fran%C3%A7aise-%C3%A0-Rennes-588132871571717/,Se nourrir,,,,,,
1706,Oui ,1/18/2021,COALLIA - service de premier accueil des demandeurs d'asile (SPA),"33b, rue Auguste Pavie  35000 Rennes",Demandeurs d'asile ayant déposé leurs empreintes digitales en France,"Coallia accompagne les demandeurs d'asile dans les démarches administratives d'hébergement et d'accompagnement social.

Si vous avez déposé vos empreintes digitales dans un autre pays de l'union Européenne, il y a moins d'un an, vous pouvez contacter le MRAP au 02.99.32.04.41.

Horaires Service de Premier Accueil de Coallia : Le service accueille sur rendez-vous, à prendre au 02.99.51.86.28 ou au 06.15.15.44.56. Les entretiens peuvent se faire physiquement ou à distance.

Transports : Bus 11, arrêt Auguste Pavie ",contact@coallia.org,Prise de Rendez-vous : 02 99 51 86 28 ou  06 15 15 44 56. ,https://coallia.org/,S'orienter,Se loger,,,,,
,,1/18/2021,D'Ici ou D'Ailleurs ,"1 Place de Montenegro, 35200 Rennes",Personnes exilées,"DIDA offre des ateliers de français et des activités culturelles, artistiques ou sportives aux personnes exilées.

Horaires des permanences (Pensez à appeler avant):
- Permanence administrative : Lundi,15h-17h.
- Inscriptions Français : Mardi, 14h-15h30.
- Tea Time : Mardi, 15h30-17h00.
- Promenade : Mercredi, 16h30-17h30.
- Maths : Mercredi, 16h-17h30.
- Accueil de jour/sérigraphie : Jeudi, 14h30-16h.
- Tea Time : Jeudi, 16h-17h.
- Glanage : Samedi, 12h30 - 14h.
- Soutien scolaire : Samedi, 14h30-16h.
- Français pour les femmes : Dimanche, 15h-16h30.

Transports : Métro Blosne.",dicioudailleurs.rennes@gmail.com,06 18 89 82 05,https://www.facebook.com/DIDA.Rennes/,S'orienter,S'occuper de soi,,,,,
,,1/18/2021,Mouvement de lutte contre le Racisme et pour l'Amitié entre les Peuples (MRAP),"1, square des Hautes Ourmes 35000 Rennes","Demandeurs d'asile
et personnes exilées.","Association de prévention et de lutte contre le racisme, la xénophobie et les discriminations raciales. Le MRAP offre des informations relatives aux droits des étrangers (entrée, séjour, mariage, naturalisation...), des conseils juridiques et administratifs aux étrangers et un accompagnement pour tout problème de racisme.

Horaires des permanences (Sur RDV uniquement) : Lundi 10h - 12h, Mardi et Jeudi : 14h - 17h30.

Transports : Métro : Poterie.",mrap.ille.et.vilaine@gmail.com,"Vous pouvez envoyer un message PAR SMS en écrivant rendez-vous MRAP + votre nom et prénom à :
Armelle 06 17 09 58 46
ou Sylvie  06 81 34 13 98",https://www.facebook.com/ille.et.vilaine.mrap/,S'orienter,,,,,,
6786,oui ,1/18/2021,"Accueil de jour - Association pour les FAmilles
en Difficulté (ASFAD)","146d, rue de Lorient, 35000 Rennes",Femmes victimes de violences. ,"Pour les femmes victimes de violences: écoute, soutien et accompagnement social. L'association propose plusieurs services :

Un accueil de jour ouvert Lundi, Mardi, Mercredi, Jeudi de 9h-17h avec ou sans enfant, ayant été ou étant confrontées à un contexte de violences conjuguales et/ou intrafamiliales. Des douches y sont accessibles ainsi que des machines à laver.

Autres actions de l'ASFAD :
- Un groupe de parole qui se réunit une fois par mois.
- Un Outil de prévention : jeu « Est-ce aimer ? »
- Un dispositif d’hébergement A.L.T (Accompagnement Logement Temporaire): 5 appartements dédiés à des femmes confrontées aux violences conjugales et/ou intrafamiliales, avec ou sans enfant, pour un hébergement temporaire, sous conditions, en attendant un relogement.

Transports : Bus 11 arrêt Roazhon Park.

.
							",siege@asfad.fr,"Pour tous renseignements
 et prise de rendez-vous contacter
 le 02 99 54 44 88
(de 9h à 17h, du lundi au vendredi)",https://www.asfad.fr/prevention-des-violences-conjugales-et-intrafamiliales/service-prevention-violence/,S'orienter,Se réinsérer,Se loger,,,,
8054,,1/19/2021,4bis,"4 bis Cours des Alliés, 35000 Rennes",Jeunes.,"Le 4Bis est un lieu d'information, ouvert à tous les jeunes, gratuit et anonyme. Suite aux nouvelles mesures prises par le gouvernement concernant la crise sanitaire liée au COVID 19, le 4bis est fermé au public.

Pour toutes demandes d’infos (métiers, orientation, recherche de jobs, de stage…) vous pouvez les joindre au 02 99 31 47 48 du mardi au vendredi de 14h00 à 18h00 ou aux numéros dédiés à chacune de permanences spécialisées :
- Permanence Santé (lieu d'écoute, de dialogue et d'information gratuit, anonyme et confidentiel): 02 99 31 87 35 – sas@le4bis-ij.com.
- Permanence Logement Jeunes (accueil personnalisé, gratuit et anonyme, présentation et analyse des solutions de logement adaptées. Information sur vos droits et les aides) : 02 99 31 70 61 – logement@le4bis-ij.com.
- Permanence Accès aux droits: 02 99 31 85 00 (sauf le mercredi) padj@le4bis-ij.com.
- Permanence Initiatives & Action Culturelle: 02 99 31 70 60 – citoyennete@le4bis-ij.com.",contact@le4bis-ij.com,Voir description,https://www.le4bis-ij.com,S'orienter,Se loger,Se soigner,Se réinsérer,,,
1711,,1/19/2021,"Délit de Solidarité
 ","Maison de Quartier de la Binquenais -
2 place Birhakeim 35000 Rennes",Demandeurs d'asile et personnes exilées.,"Aide et assistance juridique gratuites pour les personnes étrangères et demandeuses d'asile.

Permanence sans rendez-vous lundi 18h-20h sauf vacances scolaires.
",comitequartierlabinquenais@wanadoo.fr, 02.99.50.57.41 ,"Site internet de l'asso : http://sp35.org/


Pour en savoir plus sur le parcours d'un migrant demandeur d'asile :
https://www.nouvelobs.com/societe/20150610.OBS0530/tout-comprendre-au-parcours-du-combattant-d-un-migrant-demandeur-d-asile.html",S'orienter,Se réinsérer,,,,,
6787,,8/19/2021,Union des Associations Interculturelles de de Rennes  (UAIR),"62, rue de Dinan 35000 Rennes",Public étranger ou issu de l'immigration.,"Accès aux Droits, aide à l'insertion professionnelle, apprentissage de la langue française.

Horaires : lundi et vendredi : 9h-12h et 14h-17h, Jeudi : 9h-12h, sur rendez-vous uniquement.

Autres permanences (sans rendez-vous) :
Mardi : 9h-12h et 14h-17h, permanence de Meriem Mettouchi : Permanence interprétariat Français/Arabe (sans rendez-vous).
Jeudi : 14-17h, permanence de Samira Gharrafi, sans rendez-vous, à l’espace social et culturel Aimé Césaire (15, rue Louis et René Moine).
Samedi : 9h-11h, permanence interprétariat de Mohammed Jabbar.

Transports : Bus 12, arrêt square de la Rance / C5, arrêt Hôtel Dieu


",m.jabbar@uair.org,02 99 33 01 03,NA,S'orienter,,,,,,
,,1/20/2020,Utopia 56,"Place saint Anne, 35000 Rennes","Public étranger ou issu de l'immigration
Plus spécifiquement, les mineurs isolés.","Utopia56 est une organisation humanitaire qui vient en aide aux personnes migrantes. Elle accompagne en particulier les mineurs isolés dans leurs démarches administratives, juridiques et propose un accompagnement social.

Organisation de Maraudes les mardi, jeudi, dimanche selon 2 circuits à l'intérieur de Rennes et en extérieur auprès de personnes plus isolées (voir le planning des maraudes rennaises). Distribution alimentaire, couvertures, vêtements, etc.

Transports : Adresse non communiquée au public. ","utopia56.rennes@gmail.com

Contact également possible par Facebook : Utopia56","Numéro d'urgence :
06.24.86.97.21",http://www.utopia56.com/fr/utopia-56-rennes,S'orienter,Se loger,,,,,
,,1/20/2020,Centre social Ty Blosne,"1 allée Romain Rolland, 35000 Rennes",Tous publics.,"Equipements de proximité à la disposition des habitants : accueil, information sociale, aide à la fonction parentale et à la vie quotidienne. Il favorise le lien social et la solidarité entre les habitants à travers des animations spécifiques, et le soutien aux initiatives des habitants et associations visant à une vie de quartier plus conviviale. Partenaire de la carte Sortir. Groupe Parlons Français : compréhension et expression. Atelier sensibilisation au monde professionnel en France. Accompagnement scolaire collectif du CP au CM2. Halte-garderie ouverte pour les enfants de 3 mois à 3 ans, espaces parents et enfants autour du jeu et d’activités d’éveil. Accueil de loisirs pour les 3 ans à 11 ans, mercredi et pendant les vacances scolaires.

Lundi, Mercredi, Jeudi : 9h-12h15 et 13h45-18h. Mardi : 13h45-18h, Vendredi : 13h45-17h30 (Sur rendez-vous).
Accueil téléphonique : fermé le mardi matin.

Transports : Métro : Blosne.",NA,02 99 50 90 47,https://www.facebook.com/Centre-Social-Ty-Blosne-1678446155767486/,S'orienter,,,,,,
,oui ,1/20/2021, Pôle Précarité Insertion / CAO -Antenne SIAO / Skoazell,"5, Rue de la Barbotière 35000 Rennes","Pôle précarité insertion: les personnes françaises, les personnes disposant d’un titre de séjour (de plus d’un an,  les personnes européennes bénéficiant des droits d’accès à un logement, les personnes bénéficiant d’une protection internationale.

CAO : Français et personnes originaires de l'Union Européenne, réfugiés.

Skoazell: Les personnes sans droit,
ni titre de séjour, disposant d’une élection de domicile, les personnes avec enfants mineurs ou sans enfants, les familles hébergées depuis moins de deux mois.

","- Pôle précarité insertion : service élection de domicile, hébergement d'urgence, informations, accompagnement démarches administratives.

Horaires du Pôle Précarité Insertion:  Lundi, mardi, mercredi, jeudi, vendredi : 9h - 12h30  et 14h - 17h
Horaires du service élection de domicile: accueil physique sur rendez-vous à prendre au 06.26. 94.20.59 (tous les jours sauf le mardi 10h-10h30)

- CAO-Antenne SIAO :
Les professionnels de la CAO appellent les personnes pour des entretiens téléphoniques: évaluations situationnelles, information, accompagnement, demandes d’instruction type CHRS, RSP…

Horaires CAO: pas d'accueil physique. Permanence téléphonique du lundi au vendredi de 10h à 12h30, sauf le mardi (pas de possibilité de laisser un message).

- Skoazell
Skoazell est un dispositif d’accueil, d’orientation et d’instruction de demandes d’aides financières pour les personnes sans droits ni titres.

Horaires Skoazell : pas d'accueil physique. Permanences téléphoniques : Lundi, mercredi, jeudi, vendredi: 10h-12h30. Les personnels appellent les personnes pour des entretiens téléphoniques (nouvelles inscriptions et demandes de renouvellement).

Transports : Bus C4, arrêt Paul Bert
",NA,"Pôle précarité insertion : 02 99 27 50 60
CAO : 06.46.42.90.21
Skoazell : 07.77.73.13.15",NA,Se loger,S'orienter,,,,,
8081,,1/14/2021,Centre social Carrefour 18," 7, rue d'Espagne 35000 Rennes",Ouvert à tous. ,"Equipement de proximité à la disposition des habitants : accueil, information sociale, aide à la fonction parentale et à la vie quotidienne.

- Cours de Français.
- Permanence juridique gratuite assurée par des avocats du Tribunal de grande instance pour les personnes d'origine étrangère.
- Permanence MRAP (mouvement contre le racisme) sur rdv au 02 99 51 32 25.
- Psys du Cœur: Ecoute physique les lundis et jeudis de 13h45 à 17h sans rendez-vous.
- Cours d'informatique gratuits.
- Centre d'orientation emploi.
- Activités socio-culturelles.

Horaires: ouvert du lundi au vendredi de 9h00 à 12h15 et de 13h45 à 18h00. Fermé le mardi matin.

Transports : Métro Henri Fréville.",c18@assoarcs.com,02.99.51.32.25,https://centres-sociaux-rennais.org/centre-social-carrefour-18/,Se soigner,S'orienter,S'occuper de soi,,,,
1699,Oui,1/21/2021,Bains douches municipaux - Piscine Saint Georges,"2, rue Gambetta 35000 Rennes",Ouvert à tous. ,"Bain : 2 euros.
Douche : 1 euro.

Horaires : Lundi, Mardi, Mercredi, Jeudi, Vendredi : 9h-12h15.
Fermé Juillet et Août.

Transports : Bus C3, arrêt Place Pasteur",NA ,02 23 62 15 40,NA,S'occuper de soi,Douches,,,,,
,,1/14/2021,Chenil service,"  Le Petit Caleuvre
Route de Saint-Sulpice
35830 Betton",Tous publics.,"Fourrière animale. Les animaux errants ou abandonnés y sont gardés 8 jours avant d'être confiés à un refuge, une association de protection animale, la SPA ou euthanasiés. Les frais de fourrière sont à la charge des propriétaires.


Horaires: Lundi - Mardi - Mercredi - Jeudi - Vendredi, 9h-12h et 14h-18h, Samedi 9h-12h.

Transports : Bus 51, arrêt Housset.",NA ,02.99.60.92.22,NA,S'orienter,,,,,,
1709,,1/14/2021,Cimade,"12, rue du Nivernais 35000 Rennes",Personnes migrantes.,"Accueil et soutien aux migrants dans leurs démarches de régularisation (conseil juridique, accompagnement demandeurs d'asile, etc). Intervention dans les centres de rétention administrative.

Horaires :
Permanence téléphonique tous les jours .
Accueil sans rendez vous les 3 derniers jeudis du mois de 17h30-19h30.

Transports : Métro Villejean Université ou Kennedy.
",rennes@lacimade.org,06.37.17.71.10,NA,S'orienter,,,,,,
2740,Oui,1/16/2021,Cuisine partagée et Frigo Troc Au Ptit Blosneur,15 avenue de Pologne 35000 Rennes,  Tous publics.,"Issue de budget participatif, Comm'une cuisine est une cuisine partagée à prix libre qui permettra à chacun de mijoter de bons plats grâce à une mise à disposition de matériels de cuisine.  Frigo troc est un réfrigérateur ou garde manger en libre accès, dans un objectif de lutte contre le gaspillage alimentaire.

Horaires
Comm'une cuisine : Lundi, mardi, jeudi et vendredi :12h00-14h00, Mardi et mercredi : 18h00-21h00.
Frigo : Lundi, mardi,  jeudi, vendredi : 9h30 à 17h i.

L'association au petit Blosneur propose également des distributions alimentaires pour les habitants du Blosne au 15 avenue de Pologne, les Mercredis et vendredis : 10h30-12h30.

Transports : Bus 13 arrêt Hôpital Sud.





", frigotroc@gmail.com,"09 52 54 58 89, 07 68 37 03 71",http://www.auptitblosneur.fr/,Se nourrir,,,,,,
2740,Oui,1/16/2021,Épicerie sociale Soutien pour tous,"13 place Albert Bayet,  35200 Rennes",Ouverte uniquement sur prescription d'un travailleur social ou d'un CCAS.,"Horaires : Mardi, Mercredi, Jeudi, Vendredi : 9h30-15h, Samedi : 11h30-14h",Ibenelboushaki9@gmail.com,06.78.32.41.91,NA,Se nourrir,,,,,,
,Oui,1/16/2021,Epicerie solidaire DUM,15 rue Lobineau 35000 Rennes," Ouverte uniquement sur présentation d'un justificatif de revenus de minimas sociaux (carte Sortir, par exemple).","Horaires: Ouvert de 10h à 16h du mardi au samedi.
Transports : Bus 57 et C5 arrêt pont de Nantes.",epiceriesocialedum@gmail.com,07.67.67.31.95,NA,Se nourrir,,,,,,
,,1/14/2021,Les glaneurs Rennais,"Place des Lices, 35000 Rennes",  Tous publics.,"Collecte les invendus du marché des Lices pour récupération et consommation afin d'éviter le gaspillage et de permettre à chacun de se nourrir de produits frais.

Horaires: Samedi 12h-14h.

Transports: Métro Ste Anne.
",lesglaneursrennais@gmail.com,NA ,https://www.facebook.com/LesGlaneursRennais/,Se nourrir,,,,,,
,,1/14/2021,Frigo troc day by day,"32 rue Saint-Hélier
 35000 Rennes",  Tous publics.,"Toute personne peut déposer ou prendre des denrées alimentaires dans le Frigo solidaire.

Horaires : Du mardi au samedi de 10:00 à 13:30 et de 14:30 à 19:00
Transports : Bus ligne 11, C1 et C2 arret Liberté TNB et Métro Gare",frigotroc@gmail.com,02 99 85 83 17,https://frigotroc.fr/,Se nourrir,,,,,,
2740,,1/16/2021,Frigo Troc du Centre Social Villejean,42 cours Président John Fitzgerald Kennedy 35000 Rennes,  Tous publics.,"Toute personne peut déposer ou prendre des denrées alimentaires dans le Frigo solidaire.

Horaires : Lundi, Mardi, Mercredi, Jeudi : 09h00 -12h00 et 13h45-18h00, Vendredi : 09h00-12h00 et  13h45 -17:30.

Transports : Métro arrêt J.F Kennedy.

",frigotroc@gmail.com,02 99 85 83 17,https://frigotroc.fr/,Se nourrir,,,,,,
2740,,1/16/2021,Frigo Troc MJC Bréquigny,15 avenue Georges Graff 35000 Rennes,Tous publics.,"Toute personne peut déposer ou prendre des denrées alimentaires dans le Frigo solidaire.

Horaires : Ouvert de 10h à 18h du lundi au vendredi.

Transports : Bus C5 arrêt Lycée Bréquigny

",frigotroc@gmail.com,02 99 85 83 17,https://frigotroc.fr/,Se nourrir,,,,,,
6981,Oui,1/14/2021,Cœurs Résistants,"4 rue du bois Perrin, 35000 Rennes",Ouvert à tous - Pas de prescription sociale recquise.,"Village alimentaire : Lundi, Mardi, Mercredi, Jeudi, Samedi : 10h30-12h30 et 14h-16h30 (pas de prescription, pas de participation financière).

Maraudes aide-alimentaire itinérantes en centre-ville : Mardi, Vendredi, Samedi : 19h-23h.

Transports : Métro sainte Anne ou bus 31 arrêt Dinan.
",cœurs.resistants@gmail.com,06.35.28.58.62,https://coeursresistants.wixsite.com/asso,Se nourrir,,,,,,
,,1/14/2021,La Pause,"4, place Saint-Melaine 35000 Rennes",Personnes sans domicile.,"La pause est un endroit pour se rechauffer les soirs d'hivers.

Horaires : Du 1er novembre au 31 mars : Tous les soirs 19h - 20h.
Attention horaires variables à certaines périodes.

Transports : Métro Sainte Anne.",,02 99 67 38 44,,Se nourrir,S'occuper de soi,,,,,
2723,,1/14/2021,Le magasin gratuit de Rennes,"19, rue Legraverend 35000 Rennes",  Tous publics.,"Le magasin gratuit est toujours ouvert : les mercredis et samedis de 14h30 à 18h30 dans les locaux de l’association ""Et si on se parlait"".
",sourisverterennes@gmail.com,,https://www.facebook.com/magasingratuitderennes/,"Vêtements, matériel",,,,,,
8053,,1/14/2021,Hôtel Dieu Rennes,"Rue de l'Hôtel Dieu, 35000 Rennes",  Tous publics.,"Vous pouvez bénéficier de suspendus de boissons ainsi que d'escalade ! Vous pouvez aussi avoir accès aux douches, aux sanitaires et recharger votre portable. N'hésitez pas à y faire un tour.",NA,06.69.23.18.26,NA,Se nourrir,S'occuper de soi,Douches,Toilettes,,,
,,1/14/2021,Association Gamelles Pleines," 5 Rue du Maine, 35000 Rennes","Personnes sans domicile et situation de précarité, maîtres de chiens.","Association de lutte contre l'exclusion sociale des personnes maîtres de chiens sans ou avec faibles revenus et/ou sans domicile fixe.

Contact via : Le fourneau, CAO, Puzzle, CAARUD, We ker, Le Relais.

Maraude dans Rennes les mardis, jeudis et dimanches de 18h30 à 23h. Distribution de boissons chaudes et de croquettes pour animaux. ",rennes@gamellespleines.fr ,NA,https://www.gamellespleines.fr,"Vêtements, matériel",Se soigner,S'occuper de soi,,,,
1704,,1/14/2021,Boutique La Griffe Solidaire,"Rue Guillaume Lejean, 35000 Rennes","Personnes sans ou avec
de faibles revenus.","Pour se procurer des vêtements à bas coût, réduction de -50% sur présentation de la Carte Sortir !

Horaires : Lundi, Mardi : 14h-17h et samedi : 9h30-12h.

Transports: C3, 31, arrêt Jeanne d'Arc.",NA,"Tél. 02 99 54 11 01
Port. 06 74 42 53 87
",https://griffesolidaire.asso-web.com/,"Vêtements, matériel",,,,,,
1705,,1/14/2021,Objets Trouvés,Rue Jean Marie Huchet 35000 Rennes,  Tous publics.,"Service des objets trouvés de la ville de Rennes

Horaires : Lundi - Mardi - Mercredi Jeudi - Vendredi    8h - 17h30.

Transports : Bus C4, arrêt Plaine de Baud
",NA,02.23.62.18.72,NA,S'orienter,,,,,,
1714,Oui,1/14/2021,Les Restos du Cœur,"25, rue de la Donelière 35000 Rennes",Inscription sur dossier en fonction des ressources.,"Les Restos du Coeur est une organisation humanitaire qui propose plusieurs services :
- Paniers repas et habits
Horaires de la période de mi-Mars à fin Novembre: Mardi, Jeudi et Vendredi après-midi (02.99.33.23.93)

- Soins médicaux: Jeudi et Vendredi (toute l'année): 13h30 - 16h30.
- Vestiaire sur Rendez-Vous.

Transports : Bus C2, 12, 14, arrêt Donelière.
",ad35.siege@restosducoeur.org,02 99 23 70 30,https://ad35.restosducoeur.org/,Se nourrir,Se soigner,"Vêtements, matériel",,,,
1713,Oui,1/14/2021,Les Restos du Cœur,"118, rue de l'Alma 35000 Rennes",Inscription sur dossier en fonction des ressources.,"Les Restos du Coeur est une organisation humanitaire qui propose plusieurs services :
Paniers repas et habits
Horaires de la période de mi-Mars à fin Novembre : Mardi, Jeudi matin (02.23.30.58.28.50).

Horaires permanences à l'année :
Soins médicaux : Lundi, Mardi et Jeudi : 8h30-11h30
Se faire coiffer : Lundi, Mardi, Jeudi : 8h30-11h30
Aide juridique d'urgence : Mardi : 9h-11h

Transports : Métro Jacques Cartier ou Clemenceau",ad35.siege@restosducoeur.org,02 99 23 70 30,https://ad35.restosducoeur.org/,Se nourrir,Se soigner,S'occuper de soi,"Vêtements, matériel",S'orienter,,
1713,Oui,1/21/2021,Restos Bus - (Restos du Cœur),"Place de la communauté, 35000 Rennes",Personnes en situation de précarité et sans domicile.,"Les RestosBus sont présents les Lundis, Mardis et Vendredis soir : 19h-21h, distribution de plats chauds.",ad35.restosbus@restosducoeur.org,02 99 23 70 34,https://ad35.restosducoeur.org/centres-departementaux/restosbus/,Se nourrir,,,,,,
8080 - 1698,Oui ,1/14/2021,Secours Populaire,"14, rue des Veyettes 35000 Rennes",Inscription sur dossier en fonction des ressources.,"Le Secours Populaire est une organisation humanitaire qui propose plusieurs services :

Permanences téléphoniques au 02.99.53.31.41 ou par email au contact@spf35.org.

Pour toute demande d'aide (alimentaire, vestimentaire, démarches...) contactez le secours populaire par email ou téléphone.

Distribution alimentaire uniquement sur Rendez-vous (plusieurs sites selon le quartier d'habitation).

Le secours populaire accepte les nouvelles demandes, y compris venant de travailleurs sociaux.

Transports : Bus 11, arrêt Pré Garel.",contact@spf35.org,02.99.53.31.41,https://www.secourspopulaire.fr/35/,Se nourrir,Se réinsérer,"Vêtements, matériel",,,,
1696,oui,1/14/2021,Secours Catholique - Accueil de jour et bagagerie,"10, rue Louis Guilloux 35000 Rennes",Personnes en situation de précarité et sans domicile.,"
Le Secours Catholique est une association caritative qui propose plusieurs services :
- Accueil de jour : Du Lundi au Vendredi : 9h-11h. Accès aux douches, sanitaires et à la machine à laver. Boissons chaudes.
- Bagagerie : Du Lundi au Vendredi : 9h-11h. 1 euro lors du premier déport. Ne sont acceptés que les sacs valises et cartons.

Attention : Tous les services ne sont pas accessibles les jours fériés.

Transports : Bus C4, 53, arrêt Louis Guilloux
Circuit de maraude social tous les lundis de 19h à 22h de Place Hoche à la Gare. Distribution de collations chaudes. ",illeetvilaine@secours-catholique.org,02 99 54 11 01,http://illeetvilaine.secours-catholique.org/,S'occuper de soi,Douches,Se nourrir,Bagageries,Toilettes,Laver son linge,
6786,Oui,1/16/2021,Epicerie sociale Le P'tit Marché,146 B rue de Lorient 35000 Rennes,Sur prescription d'un travailleur social ou d'un CCAS,"Epicerie gérée par l'ASFAD pour les habitants des quartiers de Cleunay et Saint Cyr.

Actuellement fermée, réouverture en Juin 2021.

","ASFAS :  siege@asfad.fr

Epicerie : chantier.tiprop@asfad.fr","ASFAD : 02 99 59 60 01
Epicerie : 02.99.84.60.01",https://www.asfad.fr/,Se nourrir,,,,,,
,Oui,1/19/2021,Cleunay Amitié Solidarité,49 rue Jules Lallemand 35000 Rennes,"Sur prescription d'un travailleur social
ou d'un CCAS.."," Epicerie solidaire ouverte. Uniquement accessible sur recommandation d'un travailleur social ou d'un Ccas.

Ouverte tous les jeudis, Livraison à domicile.

Transports : Bus 9 et 13 arrêt De Lesseps.",c.serkis@yahoo.fr, 06 52 93 09 02,NA,Se nourrir,,,,,,
,Oui,1/19/2021,Ty Sol,"Square fernand Jacques,  35000 Rennes",Sur prescription d'un travailleur social ou d'un CCAS.,"Epicerie solidaire ouverte. Uniquement sur prescription d'un travailleur social ou d'un CCAS.
Ouverte les jeudis après-midi de 14h30 à 16h, sans accompagnement, passage rapide. Actuellement les nouveaux bénéficiaires ne sont pas acceptés.


",nathalie.gandubert@assoarcs.com,02 99 50 90 47,NA,Se nourrir,,,,,,
,Oui,1/19/2021,So'Ali,"36 Rue Jean Guéhenno
35700 Rennes", Sur prescription d'un travailleur social.,"Epicerie solidaire ouverte.  Uniquement sur prescription d'un trvailleur social.

Ouverte une fois par semaine : Lundi 14h-16h

Transports : Bus 9, 70 et C1 arrêt Fac de droit.",soali35000@gmail.com,06 27 12 07 76,NA,Se nourrir,,,,,,
2732,Oui ,1/20/2021,Société de Saint-Vincent-De-Paul d'Ille-Et-Vilaine,"18 Rue du Dr Francis Joly, 35000 Rennes",Personnes seules et/ou familles en difficulté.,"Dans L’ouest de la France, les bénévoles de la SSVP d’Ille-et-Vilaine accompagnent et visitent les personnes seules et/ou familles en difficulté sur leur lieu de vie pour leur apporter de l’aide dans tous les domaines.

Le local à Rennes est ouvert plusieurs jours par semaine (le mardi, mercredi et jeudi) pour permettre aux personnes de changer leur quotidien, d’être écoutées autour d’un café.

Maraudes les mardis, mercredis et jeudis matin de 8h à 12h dans le centre-ville de Rennes. Distribution de boissons chaudes. ",ille-et-vilaine@ssvp.fr,02.99.36.16.19,https://www.ssvp.fr/reseau/ssvp-de-l-ille-et-vilaine/presentation/,S'orienter,S'occuper de soi,,,,,
6785,Oui,1/14/2021,"Lieu d'accueil de Jour, Le Puzzle - SEA 35",Rue de la Barbotière 35000 Rennes,Personnes sans domicile,"
Le Puzzle est un accueil de jour dédié aux personnes adultes sans domicile qui propose plusieurs services :
- Douches (Gratuit).
- Laverie : 2 lave-linge - 2 sèche-linge (1 euro).
- Boissons Chaudes : café, Thé, Chocolat... (0,20€).
- Point-phone (à carte) en vente sur place.
- Espace chien (9 chiens accueillis au maximum).

Horaires : Mardi, Mercredi, Jeudi, Vendredi 9h-12h et 13h15-16h45 et Samedi, Dimanche 13h15-16h45

Le point santé du puzzle est ouvert sur les horaires du puzzle.

Transports : Bus C4, arrêt Paul Bert ",puzzle@sea35.org ,02 99 27 50 62,https://sea35.pagesperso-orange.fr/puzzle.htm,S'orienter,Laver son linge,Douches,Se soigner,,,
6792,Oui,1/21/2021,Accueil de jour Héol - (anciennement le 61),3 Avenue Monseigneur Mouezy 35000 Rennes ,"Familles, femmes et enfants en situation de précarité","L'Accueil de jour est ouvert de 12h30 à 17h du Lundi au Vendredi. Sanitaires, machines à laver
 sont en cours de travaux, donc non accessibles. (6 personnes maximums).",,02 23 46 71 96,NA,S'occuper de soi,,,,,,
,Oui,1/21/2021,L'épicerie Gratuite,"
Bâtiment Ereve - Université Rennes 2 - Campus Villejean,  Rennes. ",Personnes et étudiants en situation de précarité et sans domicile.,"L'association a pour objectif de lutter contre le gaspillage alimentaire et la précarité étudiantes, en récupérant des produits alimentaires issus d'invendus de supermarchés, marchés et cantines scolaires. L'épicerie gratuite est ouverte tous les lundis, mardis et vendredis, jusqu'à ce que l'ensemble des dernrées alimentaires soient distribuées.
Il n'y a aucune condition de ressources, l'épicerie gratuite est ouverte à tou.te.s les étudiant.e.s!

Horaires
Lundi à partir de 18h, distribution de produits frais de supermarché et repas de cantines.
Mardi à partir de 18h, distribution de repas de cantines.
Vendredi à partir de 15h, distribution de repas de cantines. ",epicerie.gratuite.r2@gmail.com,NA,https://epiceriegratuite.site123.me/?fbclid=IwAR04GmNusB17caFyAK4vD2qg1U-FcDgwcUUD3KSjF7cVzhhBV0eUBmh1UAQ,Se nourrir,,,,,,
,Oui,1/21/2021,Epicerie sociale Don de Cœur,"4 rue du Bas Village, 35510 Cesson-Sévigné",Personnes en situation de précarité et sans domicile.,"Distribution alimentaire.
L'association déménage dans un nouveau local actuellement et est donc fermée au public. N'hésitez pas à les contacter cependant. ",dondecoeur35@gmail.com,02.90.56.77.12 // 06.09.20.77.35,https://www.association-dondecoeur.com/,Se nourrir,,,,,,
,Oui,1/21/2021,R'enfort,"36, Boulevard Villebois Mareuil, 35000 Rennes",Personnes en situation de précarité et sans domicile.,Horaires : Jeudi et  samedi : 14h-16h.,laurent.vanreeth@gmail.com,06.73.05.61.02,NA,Se nourrir,,,,,,
,Oui ,22/01/2021,La bagagerie « les clés solidaires »,"Salle Molène, dans le même local que la Pause de la Croix- Rouge, aux abords du parc du Thabor, Place Saint-Melaine (prendre le passage à gauche de l’église). 35000 Rennes",Personnes sans abri,"Un lieu de vie à l'initiative de l'association ""La Maison des citoyens de Rennes et sa métropole"" pour permettre aux personnes sans domicile de mettre en sécurité leurs affaires personnelles et également profiter de consultations juridiques gratuites, d’un salon mieux-être une fois par mois, d’accompagnement à la recherche d’emploi…

Horaires
Lundi,mardi et jeudi 17h30 -19h30
Vendredi 13h à 15h30
Samedi 11h à 14h",mdcderennesetsametropole@gmail.com,,https://www.facebook.com/bagageriepourlespersonnesSDFrennes/?ref=page_internal,Bagageries,,,,,,
,Oui ,22/01/2021,Coeurs Résistants ,"19 rue Legraverend, 35000 Rennes",Personnes en situation de précarité et sans domicile.,"Coeurs Résistants vous accueille au 19 rue Legraverend pour une pause au chaud, avec un café, l'accès aux sanitaires et pour recharger son portable.

Du Lundi au Jeudi de 10h à 12h et de 14h à 17h.
",coeurs.resistants@gmail.com,06 35 28 58 62,https://coeursresistants.wixsite.com/asso,S'occuper de soi,,,,,,
1742,,1/12/2021,"Centre méthadone et consultations cannabis -
Centre de Soins d’Accompagnement et de Prévention
 en addictologie (CSAPA L'envol)","4, boulevard de Strasbourg 35000 Rennes",Usagers des drogues. ,"Accès aux soins et prise en charge des personnes présentant des usages de produits psychotropes principalement illicites (Possibilité d'anonymat).

Horaires : Du lundi au Vendredi 9h30 - 12h30 et 13h30 - 17h30, Samedi 9h30 - 13h00.

Transports : Bus C6, C4, arrêt Pont de Strasbourg.
                       ",NA,"Tel 1 : 02 99 33 39 20
Tel 2 : 02 99 33 60 38 ",NA,Se soigner,,,,,,
1727 (CEGIDD) - 1729 - 1730 (CHU) - 1731(Dermatologie),,1/14/2021,"CHU - Hôpital Pontchaillou -
 - Urgences.
- Centre de soins dentaires.
- Pavillon Dermatologie.
- Centre gratuiit d'information, de dépistage et de diagnostic (CEGIDD).","2, rue Henri Le Guilloux 35000 Rennes",Tous publics.,"Horaires :
- Service des urgences: 24h/24, 7j/7.
- Equipe psychiatrique  : 24h/24, 7 j/7.
- Consultations sur rendez-vous au centre de soins dentaire : Du lundi au vendredi 9h30-12h30 et 14h-18h30.
- Pavillon dermatologie:  Consultation anonyme et gratuite infections sexuellement transmissibles hors HIV, Hépatites : Mardi 16h30 - 17h30, jeudi 9h30 - 10h30.
- Dépistages gratuits (VIH, IST..) et consultations au CEGIDD (Sur Rendez-Vous) :
Lundi 12h-16h, Mardi  9h-12h et 16h30-19h30, Jeudi 10h-12h er 14h-17h et Samedi 9h-12h.

Transports : Bus C2, 31 : Arrêt Anatole France, Métro Pontchaillou ou Anatole France.
",NA,"Numéro contact hôpital (dont urgences) : 02.99.28.43.21

Numéro du centre de soins dentaires : 02.99.28.24.00

Numéro pavillon dermatologie : 02.99.28.43.49

Numéro CEGID : 02.99.28.43.02
",https://www.chu-rennes.fr/chu-rennes/demande-de-rdv-597.html,Se soigner,S'occuper de soi,,,,,
1739,,1/12/2021,Centre de Soins d’Accompagnement et de Prévention en addictologie (CSAPA),"39, rue Saint-Melaine  35000 Rennes","Pour toutes les personnes présentant une addiction (alcool, drogues, médicaments...).","Le CSAPA est un lieu d'accueil, d'écoute, et de soins pour toute personne confrontée à une addiction et leur entourage.

Transports : Métro Sainte-Anne.
Du Lundi au Vendredi (Consultation gratuite sur rendez-vous).",NA,02.22.51.41.40 ,www.ch-guillaumeregnier.fr,Se soigner,,,,,,
1723,,1/12/2021,"Centre Médical Réseau Louis Guilloux
","12 ter, avenue de Pologne bâtiment le Samara, 3e étage,  35000 Rennes",Tous publics.,"Consultations médicales sur rendez-vous avec interprètes pour les personnes étrangères et /ou en situation de précarité ayant une difficulté d’accès aux soins. Ouverture des droits de santé. Consultations de soins primaires par 15 médecins en langue maternelle grâce à des interprètes.

Horaires :
- Consultations médicales :  Lundi : 14h à 18h, Mardi, Mercredi, Jeudi, Vendredi : 9h - 18h (Sur RDV)
- Cours de français : « Ma maternité en français » pour femmes enceintes : gratuit, sur inscription : Mardi : 14h - 16h
- Standart téléphonique : Lundi, Mardi, Mercredi, Jeudi, vendredi : 9h-18h.

Transports : Bus 12 - 13, arrêt Galicie , Métro Blosne.",NA,02.99.32.47.36 ,https://rlg35.org,Se soigner,S'occuper de soi,S'orienter,,,,
,,1/12/2021,́Equipe Mobile Psychiatrie Précarité (EMPP),Pôle Addiction Précarité – CHGR 35000 Rennes,Personnes en situation de précarité.,Dispositif permettant l’accès au soin spécialisé et la prise en charge médico-psychologique des personnes en situation de précarité sur Rennes. Entretien avec infirmier ou psychologue pour une évaluation et une orientation. Sur rendez-vous.,NA,02.99.33.39.20 ,NA,Se soigner,S'occuper de soi,S'orienter,,,,
6791,,1/12/2021,"Hôpital Sud - Pédiatrie, maternité et gynécologie ","16, bd de Bulgarie 35000 Rennes",Femmes et enfants.,"Gynécologie, pédiatrie et maternité.

Horaires : Service des urgences gynécologiques et pédiatriques ouvert 24h/24h et 7 j/ 7
Consultations sur RDV.

Transports : Métro Le Blosne.",,02 99 28 43 21,,Se soigner,S'occuper de soi,,,,,
6788 + 1718,,1/14/2021,Centre Hospitalier Guillaume Régnier (CHGR) -  Service Psychiatrique D'accueil et D'Orientation (SPAO),"108, avenue Général-Leclerc, à droite en entrant 35000 Rennes",Pour toutes les personnes ayant besoin d'un suivi psychiatrique. ,"CHGR : Évaluation, suivi, consultations infirmières, psychologues, psychiatres.

SPAO : toute personne de plus de 16 ans, accompagnée ou non, en demande d’une prise en charge psychiatrique en urgence, ou d’une orientation, ou d’un avis thérapeutique ou d’une admission sur l’établissement.

Horaires : Tous les jours de 9h - 21h.

Transports : Bus 50, 64, arrêt Moulin de Joué / Bus 67, arrêt Guillaume Régnier / Bus C4, C6, arrêt Plaine de Baud

",NA,"Numéro CHGR (hors urgences) : 02.99.33.39.00

Numéro SPAO (urgences) : 02.99.33.60.27",http://www.ch-guillaumeregnier.fr,Se soigner,,,,,,
,Oui,1/14/2021,"Planning Familial  - Mouvement Français pour le Planning Familial
","11, bd Maréchal de Lattre de Tassigny  35000 Rennes",Tous publics.,"MFPF:
Consultations médicales d'urgence (contraceptions, IVG, violences...)

Important : Confidentialité !

Horaires : MFPF et Planning familial 35 : Lundi, Mardi, Mercredi, Vendredi : 9h-18h.

Transports : Bus C2, arrêt Les Lices / Métro : Sainte-Anne.",NA,02.99.31.54.22,https://www.planning-familial.org/fr,Se soigner,S'occuper de soi,S'orienter,,,,
,,1/12/2021,Centre Médico-Psychologique (CMP) - La Sauvaie,"8, rue de la Sauvaie,  35000 Rennes","Habitants des quartiers Blosne, Poterie, Sud Gare et Brequigny.","Un CMP est un lieu de consultation destiné à une population adulte. Il s'agit d'un lieu qui permet l'organisation des actions de soins et de prévention de la ville de Rennes.

Horaires : Sur rendez-vous.

Transports : Bus C1, arrêt Sauvaie.",NA,02 99 51 56 73 ,NA,Se soigner,,,,,,
,,1/12/2021,Centre Médico-Psychologique (CMP) - Les Colombes,"6 places des Colombes,  35000 Rennes","Habitants des quartiers Centre, Cleunay et Colombier.  ","Un CMP est un lieu de consultation destiné à une population adulte. Il s'agit d'un lieu qui permet l'organisation des actions de soins et de prévention de la ville de Rennes.

Horaires : Sur rendez-vous.

Transports : Bus C2, 11, arrêt Liberté.
",NA,02 22 51 41 36 ,NA,Se soigner,,,,,,
,,1/12/2021,Centre Médico-Psychologique (CMP) - Saint-Exupery,"5, rue Saint-Exupéry, 35000 Rennes","Habitants des quartiers Maurepas, Patton et Villejean.","Un CMP est un lieu de consultation destiné à une population adulte. Il s'agit d'un lieu qui permet l'organisation des actions de soins et de prévention de la ville de Rennes.

Horaires : Sur rendez-vous.

Transports : Bus 14, arrêt Painlevé",NA,02 99 33 39 37 ,NA,Se soigner,,,,,,
(Ex 1736),,1/14/2021,Lueurdespoir35 ,"7, place de Torigné, 35200 Rennes",Personnes souffrant de dépression.,"Groupe de paroles pour lutter contre la dépression.

Horaires :
Permanences chaque vendredi : 14h30-17h (Prise de rendez-vous par téléphone le mercredi ou le jeudi).
Permanences téléphoniques : Lundi, Mardi, Jeudi : 9h-11h30 et 14h30-17h30 et Mercredi, Vendredi, Samedi, Dimanche : 9h-11h30 et 14h30-21h.


",NA,02.99.83.65.28,http://lueurdespoir35.fr/,Se soigner,S'occuper de soi,,,,,
1736,,1/14/2021,Maison Associative de la Santé ,"7, Rue de Normandie, 35200 Rennes",Tous publics,"La Maison Associative de la Santé a plusieurs missions :
- Représentation et accompagnement des usagers de la santé pour renforcer la participation citoyenne au fonctionnement du système de santé.
- Suivi du respect des droits de la personne malade et des usagers. Impulsion et coordination de projets de santé publique.
- Mise en place d'actions de prévention et de promotion de la santé.
- Accueil, soutien et promotion de 62 associations d'aide et d'accompagnement .

Horaires : Lundi 10h-12h et 14h-17h, Mardi, Mercredi, Jeudi 9h-12h et 14h-17 et Vendredi 9h-12h et 14h-16h30.",NA,02.99.53.48.82,"Contacts et informations sur les
associations hébergées par la MAS  :

http://maisondelasante.com/wp-content/uploads/2020/03/MAS-Guide-40P°2020_OK.pdf",S'orienter,,,,,,
1733,,1/14/2021,Centre accueil et soins adolescents et jeunes adultes,"214, Rue de Châtillon
35200 Rennes",Jeunes de 13 à 21 ans,"Accueille des adolescents âgés de 13 à 21 ans en consultation individuelle, possibilité de thérapie familiale.
 Possibilité pour le jeune de participer à différentes médiations au sein de la structure interne,
accueil de parents d’adolescents et de professionnels en contact avec les jeunes.

Horaires : Du lundi au vendredi 9h-19h.",NA,02.99.32.20.72,NA,Se soigner,S'occuper de soi,S'orienter,,,,
1708,,1/12/2021,"SOS Victimes 35  (Association d'aide aux victimes d'infractions pénales et d'accès au droit)
","9, Boulevard Sébastopol, 35000 Rennes",Victimes d'infractions pénales ou d'actes de délinquance.,"SOS victimes 35 a pour but d'accueillir, informer, orienter, aider toute victime d'infractions pénales ou d'actes de délinquance.

Des permanences gratuites sont assurées par des juristes et des psychologues.

Horaires : Accueil sur rendez-vous lundi, mardi, mercredi, jeudi*, vendredi : 9h-12h et 14h-17h.
*Jeudi ouverture jusqu'à 18h30.

Transports : Bus 54, arrêt Pont de Bretagne, Bus C6, arrêt Redon.
",sos-victimes-35@wanadoo.fr,02.99.35.06.07,NA,S'orienter,,,,,,
,oui,1/21/2021,Véhicule accueil santé social de la Croix Rouge,"La Primelais, 35830 Betton",Tous publics.,Le véhicule accueil santé social de la Croix-Rouge est positionné au CADA de Betton le Jeudi Matin.,NA,NA,NA,Se soigner,Se soigner,,,,,
1743+ 1745,oui,1/21/2021,AIDES/ CAARUD (Sida et hépatites/Usagers de drogues) ,"43, rue Saint-Hélier 35000 Rennes",Usagers des drogues / Personnes en souffrance,"Les permanences CAARUD sont maintenues en horaires restreints (Lundi, Mardi, Mercredi et Vendredi de 13h à 17h) et sous format Drive. Les bénéficiaires doivent au préalable appeler le 06.34.28.71.67 pour indiquer leurs besoins. Les sacs de matériels sont préparés pour l'accueil des bénéficiaires sans entrer dans les locaux.",NA,06.34.28.71.67,NA,Se soigner,,,,,,
,,1/19/2021,Fontaine à eau,"Place de la Mairie, 35000 Rennes",Tous publics.,NA,NA,NA,NA,Fontaines,,,,,,
,,1/19/2021,Fontaine à eau,"Rue de la Psalette, 35000 Rennes",Tous publics.,NA,NA,NA,NA,Fontaines,,,,,,
,,1/19/2021,Fontaine à eau,"Jardin du Bonheur, 35000 Rennes",Tous publics.,NA,NA,NA,NA,Fontaines,,,,,,
,,1/19/2021,Fontaine à eau et toilettes,"Parc du Landry, 35000 Rennes",Tous publics.,NA,NA,NA,NA,Fontaines,Toilettes,,,,,
,,1/19/2021,Fontaine à eau et toilettes,"Parc du Thabor, 35000 Rennes ",Tous publics.,NA,NA,NA,NA,Fontaines,Toilettes,,,,,
,,1/19/2021,Fontaine à eau et toilettes,"Parc des Gayeulles, 35000 Rennes",Tous publics.,Non accessible aux personnes à mobilité réduite.,NA,NA,NA,Fontaines,Toilettes,,,,,
,,1/19/2021,Fontaine à eau,"Parc de Maurepas, 35000 Rennes",Tous publics.,NA,NA,NA,NA,Fontaines,,,,,,
,,1/19/2021,Fontaine à eau et toilettes,"Parc Hamelin Oberthür, 35000 Rennes",Tous publics.,"Non accessible aux
personnes à mobilité réduite.",NA,NA,NA,Fontaines,Toilettes,,,,,
,,1/19/2021,Fontaine à eau et toilettes,"Parc des Hautes Ourmes, 35000 Rennes",Tous publics.,Accessible aux personnes à mobilité réduite.,NA,NA,NA,Fontaines,Toilettes,,,,,
,,1/19/2021,Fontaine à eau,"Parc de Bréquigny, 35000 Rennes",Tous publics.,NA,NA,NA,NA,Fontaines,,,,,,
,,1/19/2021,Fontaine à eau,"Parc de Beauregard, 35000 Rennes",Tous publics.,NA,NA,NA,NA,Fontaines,,,,,,
,,1/19/2021,Fontaine à eau,"Parc de Villejean, 35000 Rennes",Tous publics.,NA,NA,NA,NA,Fontaines,,,,,,
,,1/19/2021,Fontaine à eau,"Parc de la Touche, 35000 Rennes",Tous publics.,NA,NA,NA,NA,Fontaines,,,,,,
,,1/19/2021,Fontaine à eau,"Skate Parc, Rue Pierre Abélard, 35000 Rennes",Tous publics.,NA,NA,NA,NA,Fontaines,,,,,,
,,1/19/2021,Fontaine à eau et toilettes,"Plage d'Apigné, 35000 Rennes",Tous publics.,NA,NA,NA,NA,Fontaines,Toilettes,,,,,
,,1/19/2021,Fontaine à eau,"Terrain de Sport Kergomard, 35000 Rennes",Tous publics.,NA,NA,NA,NA,Fontaines,,,,,,
,,1/19/2021,Fontaine à eau,"Mail François Mittérand, 35000 Rennes",Tous publics.,NA,NA,NA,NA,Fontaines,,,,,,
,,1/19/2021,Fontaine à eau,"Square Charles Dullin, 35000 Rennes",Tous publics.,NA,NA,NA,NA,Fontaines,,,,,,
,,1/19/2021,Toilettes,"Champs Libres, Cours des Alliers, 35000 Rennes",Tous publics.,Accessible aux personnes à mobilité réduite.,NA,NA,NA,Toilettes,,,,,,
,,1/19/2021,Toilettes,"Musée des Beaux-Arts, 20 quai Emile Zola, 35000 Rennes",Tous publics.,Non accessible aux personnes à mobilité réduite.,NA,NA,NA,Toilettes,,,,,,
,,1/19/2021,Toilettes,"Place Erlangen sud, 35000 Rennes",Tous publics.,Accessible aux personnes à mobilité réduite.,NA,NA,NA,Toilettes,,,,,,
,,1/19/2021,Toilettes,"2 rue Toullier, 35000 Rennes",Tous publics.,Non accessible aux personnes à mobilité réduite.,NA,NA,NA,Toilettes,,,,,,
,,1/19/2021,Toilettes,"Complexe sportif Paul Lafargue, 49 avenue des Pays Bas, 35000 Rennes",Tous publics.,Accessible aux personnes à mobilité réduite.,NA,NA,NA,Toilettes,,,,,,
,,1/19/2021,Toilettes,"Halles Centrales, 2 place Honoré Commeurec, 35000 Rennes",Tous publics.,Accessible aux personnes à mobilité réduite.,NA,NA,NA,Toilettes,,,,,,
,,1/19/2021,Toilettes,"Apigné étang, Parking 1 Chemin rural 72, 35000 Rennes",Tous publics.,Accessible aux personnes à mobilité réduite.,NA,NA,NA,Toilettes,,,,,,
,,1/19/2021,Toilettes,"Promenade de la Tauvrais jardins familliaux, 35000 Rennes",Tous publics.,Accessible aux personnes à mobilité réduite.,NA,NA,NA,Toilettes,,,,,,
,,1/19/2021,Toilettes,"Cimetière du Nord, 35 Rue Victor Ségalen, 35000 Rennes",Tous publics.,Non accessible aux personnes à mobilité réduite.,NA,NA,NA,Toilettes,,,,,,
,,1/19/2021,Toilettes,"Piscine de Brequigny, Bd. Albert Premier, 35000 Rennes",Tous publics.,Accessible aux personnes à mobilité réduite.,NA,NA,NA,Toilettes,,,,,,
,,1/19/2021,Toilettes,"84 rue d'Angleterre, 35000 Rennes",Tous publics.,Accessible aux personnes à mobilité réduite.,NA,NA,NA,Toilettes,,,,,,
,,1/19/2021,Toilettes,"1 rue de Grignan, 35000 Rennes",Tous publics.,Accessible aux personnes à mobilité réduite.,NA,NA,NA,Toilettes,,,,,,
,,1/19/2021,Toilettes,"Place de la Mairie, 35000 Rennes",Tous publics.,NA,NA,NA,NA,Toilettes,,,,,,
,,1/19/2021,Toilettes,"Gayeulles Resto, Parc des Gayeulles, 35000 Rennes",Tous publics.,Accessible aux personnes à mobilité réduite.,NA,NA,NA,Toilettes,,,,,,
,,1/19/2021,Toilettes,"Parking Arsenal, rue Pierre Abélard, 35000 Rennes",Tous publics.,Accessible aux personnes à mobilité réduite.,NA,NA,NA,Toilettes,,,,,,
,,1/19/2021,Toilettes,"Rue Louis et René Moine, 35000 Rennes",Tous publics.,Accessible aux personnes à mobilité réduite.,NA,NA,NA,Toilettes,,,,,,
,,1/19/2021,Toilettes,"Square Charles Géniaux, 35000 Rennes",Tous publics.,Accessible aux personnes à mobilité réduite.,NA,NA,NA,Toilettes,,,,,,
,,1/19/2021,Toilettes,"Place du Souvenir, 35000 Rennes",Tous publics.,Accessible aux personnes à mobilité réduite.,NA,NA,NA,Toilettes,,,,,,
,,1/19/2021,Toilettes,"Le Triangle, 1 Boulevard de Yougoslavie, 35000 Rennes",Tous publics.,NA,NA,NA,NA,Toilettes,,,,,,
,,1/19/2021,Toilettes,"Hôpital Sud, 16 boulevard de Bulgarie, 35000 Rennes",Tous publics.,Accessible aux personnes à mobilité réduite.,NA,NA,NA,Toilettes,,,,,,
,,1/19/2021,Toilettes,"8 place de Bretagne, 3500 Rennes",Tous publics.,Accessible aux personnes à mobilité réduite.,NA,NA,NA,Toilettes,,,,,,
,,1/19/2021,Toilettes,"1 Avenue Fréville, 35000 Rennes",Tous publics.,Accessible aux personnes à mobilité réduite.,NA,NA,NA,Toilettes,,,,,,
,,1/19/2021,Toilettes,"Centre-commercial Colombia, 35000 Rennes",Tous publics.,NA,NA,NA,NA,Toilettes,,,,,,
,,1/19/2021,Toilettes,"Jardin St. Georges, 35000 Rennes",Tous publics.,Non accessible aux personnes à mobilité réduite.,NA,NA,NA,Toilettes,,,,,,
,,1/19/2021,Toilettes,"29 rue de St. Laurent, 35000 Rennes",Tous publics.,Accessible aux personnes à mobilité réduite.,NA,NA,NA,Toilettes,,,,,,
,,1/19/2021,Toilettes,"Place Albert Bayet, 35000 Rennes",Tous publics.,Accessible aux personnes à mobilité réduite.,NA,NA,NA,Toilettes,,,,,,
,,1/19/2021,Toilettes,"Rue de la Psalette, 35000 Rennes",Tous publics.,NA,NA,NA,NA,Toilettes,,,,,,
,,1/19/2021,Toilettes,"57 rue Papu, 35000 Rennes",Tous publics.,Accessible aux personnes à mobilité réduite.,NA,NA,NA,Toilettes,,,,,,
,,1/19/2021,Toilettes,"Place Hoche, 35000 Rennes",Tous publics.,Accessible aux personnes à mobilité réduite.,NA,NA,NA,Toilettes,,,,,,
,,1/19/2021,Toilettes,"Rue du Professeur Maurice Audin, 35000 Rennes",Tous publics.,Non accessible aux personnes à mobilité réduite.,NA,NA,NA,Toilettes,,,,,,
,,1/19/2021,Toilettes,"Rue Courteline, 35000 Rennes",Tous publics.,Non accessible aux personnes à mobilité réduite.,NA,NA,NA,Toilettes,,,,,,
,,1/19/2021,Toilettes,"Place du Haut des Lices, 35000 Rennes",Tous publics.,Accessible aux personnes à mobilité réduite.,NA,NA,NA,Toilettes,,,,,,
,,1/19/2021,Toilettes,"Près chemin Taupinais, 35000 Rennes",Tous publics.,Accessible aux personnes à mobilité réduite.,NA,NA,NA,Toilettes,,,,,,
,,1/19/2021,Toilettes,"3 av de la Préfecture, 35000 Rennes",Tous publics.,Accessible aux personnes à mobilité réduite.,NA,NA,NA,Toilettes,,,,,,
,,1/19/2021,Toilettes,"Esplanade Fulgence Bienvenue, 35000 Rennes",Tous publics.,Accessible aux personnes à mobilité réduite.,NA,NA,NA,Toilettes,,,,,,
,,1/19/2021,Toilettes,"Quai Lamennais, 35000 Rennes",Tous publics.,Accessible aux personnes à mobilité réduite.,NA,NA,NA,Toilettes,,,,,,
,,1/19/2021,Toilettes,"Place G. Bernanos sud, 35000 Rennes",Tous publics.,Accessible aux personnes à mobilité réduite.,NA,NA,NA,Toilettes,,,,,,
,,1/19/2021,Toilettes,"Parc du Berry, 35000 Rennes",Tous publics.,Accessible aux personnes à mobilité réduite.,NA,NA,NA,Toilettes,,,,,,
,,1/19/2021,Toilettes,"Place de Zagreb, 35000 Rennes",Tous publics.,Accessible aux personnes à mobilité réduite.,NA,NA,NA,Toilettes,,,,,,
,,1/19/2021,Toilettes,"Place de la Mairie, 35000 Rennes",Tous publics.,Non accessible aux personnes à mobilité réduite.,NA,NA,NA,Toilettes,,,,,,
,,1/19/2021,Toilettes,"61 quai St. Cyr, 35000 Rennes",Tous publics.,Accessible aux personnes à mobilité réduite.,NA,NA,NA,Toilettes,,,,,,
,,1/19/2021,Toilettes,"Rue Pierre Abélard, 35000 Rennes",Tous publics.,NA,NA,NA,NA,Toilettes,,,,,,
,,1/19/2021,Toilettes,"Rue du Patis Tatelin, 35000 Rennes",Tous publics.,Accessible aux personnes à mobilité réduite.,NA,NA,NA,Toilettes,,,,,,
,,1/19/2021,Toilettes,"Rue de la Corderie, 35000 Rennes",Tous publics.,Accessible aux personnes à mobilité réduite.,NA,NA,NA,Toilettes,,,,,,
,,1/19/2021,Toilettes,"Rue François Tanguy-Prigent, 35000 Rennes",Tous publics.,Accessible aux personnes à mobilité réduite.,NA,NA,NA,Toilettes,,,,,,
,,1/19/2021,Toilettes,"Face 16 bd. Raymond Poincaré, 35000 Rennes",Tous publics.,Accessible aux personnes à mobilité réduite.,NA,NA,NA,Toilettes,,,,,,
,,1/19/2021,Toilettes,"Chemin de Boron, 35000 Rennes",Tous publics.,Accessible aux personnes à mobilité réduite.,NA,NA,NA,Toilettes,,,,,,
,,1/19/2021,Toilettes,"Boulevard d Solférino, 35000 Rennes",Tous publics.,Accessible aux personnes à mobilité réduite.,NA,NA,NA,Toilettes,,,,,,
,,1/19/2021,Toilettes,1 Place Esplanade Général De Gaulle,Tous publics.,Accessible aux personnes à mobilité réduite.,NA,NA,NA,Toilettes,,,,,,
,,1/19/2021,Toilettes,"4 place Guénolé, 35000 Rennes",Tous publics.,Accessible aux personnes à mobilité réduite.,NA,NA,NA,Toilettes,,,,,,
,,1/19/2021,Toilettes,"rue Henri Le Guilloux, 35000 Rennes",Tous publics.,"WC dans la gare routière, Accessible aux personnes à mobilité réduite.",NA,NA,NA,Toilettes,,,,,,
,,1/19/2021,Toilettes,"1 rue de Paris, 35000 Rennes",Tous publics.,Non accessible aux personnes à mobilité réduite.,NA,NA,NA,Toilettes,,,,,,
,,1/19/2021,Toilettes,"1 place St. Melaine parc, 35000 Rennes",Tous publics.,Accessible aux personnes à mobilité réduite.,NA,NA,NA,Toilettes,,,,,,
,,1/19/2021,Toilettes,"22 Place du Ronceray, 35000 Rennes",Tous publics.,Accessible aux personnes à mobilité réduite.,NA,NA,NA,Toilettes,,,,,,
,,1/19/2021,Toilettes,"3 Boulevard de la Duchesse Anne, 35000 Rennes",Tous publics.,Non accessible aux personnes à mobilité réduite.,NA,NA,NA,Toilettes,,,,,,
,,1/19/2021,Toilettes,"Villejean Bibliothèque, 35000 Rennes",Tous publics.,NA,NA,NA,NA,Toilettes,,,,,,
,,1/19/2021,Toilettes,Côté rue Maréchal Lyautey,Tous publics.,Accessible aux personnes à mobilité réduite.,NA,NA,NA,Toilettes,,,,,,
,,1/19/2021,Toilettes,"1 rue Kléber, 35000 Rennes",Tous publics.,Non accessible aux personnes à mobilité réduite.,NA,NA,NA,Toilettes,,,,,,
,,1/19/2021,Toilettes,"Dalle Kennedy, 35000 Rennes",Tous publics.,Accessible aux personnes à mobilité réduite.,NA,NA,NA,Toilettes,,,,,,
,,1/19/2021,Toilettes,"12 rue Jean Guy, 35000 Rennes",Tous publics.,Accessible aux personnes à mobilité réduite.,NA,NA,NA,Toilettes,,,,,,
,,1/19/2021,Toilettes,"85 Boulevard Villebois Mareuil, 35000 Rennes",Tous publics.,Accessible aux personnes à mobilité réduite.,NA,NA,NA,Toilettes,,,,,,
,,1/19/2021,Toilettes,"10 Canal St. Martin parking, 35000 Rennes",Tous publics.,Accessible aux personnes à mobilité réduite.,NA,NA,NA,Toilettes,,,,,,
,,1/19/2021,Toilettes,"Mail F. Mitterrand, 35000 Rennes",Tous publics.,Accessible aux personnes à mobilité réduite.,NA,NA,NA,Toilettes,,,,,,
,,1/19/2021,Toilettes,"10 rue St. Louis, 35000 Rennes",Tous publics.,Non accessible aux personnes à mobilité réduite.,NA,NA,NA,Toilettes,,,,,,
,,1/19/2021,Toilettes,"Rue de la Corderie, 35000 Rennes",Tous publics.,Accessible aux personnes à mobilité réduite.,NA,NA,NA,Toilettes,,,,,,
,,1/19/2021,Toilettes,"Place Bir-Hakeim, 35000 Rennes",Tous publics.,Accessible aux personnes à mobilité réduite.,NA,NA,NA,Toilettes,,,,,,
,,1/19/2021,Toilettes,"Place de la Mairie, 35000 Rennes",Tous publics.,Non accessible aux personnes à mobilité réduite.,NA,NA,NA,Toilettes,,,,,,
,,1/19/2021,Toilettes,"Villejean Piscine, 35000 Rennes",Tous publics.,Accessible aux personnes à mobilité réduite.,NA,NA,NA,Toilettes,,,,,,
,,1/19/2021,Toilettes,"Face 28 rue Bertrand Robidou, 35000 Rennes",Tous publics.,Accessible aux personnes à mobilité réduite.,NA,NA,NA,Toilettes,,,,,,
,,1/19/2021,Toilettes,"Allée Ukraine côté Novotel, 35000 Rennes",Tous publics.,Accessible aux personnes à mobilité réduite.,NA,NA,NA,Toilettes,,,,,,
,,1/19/2021,Toilettes,"Boulevard de la Duchesse Anne, 35000 Rennes",Tous publics.,Accessible aux personnes à mobilité réduite.,NA,NA,NA,Toilettes,,,,,,
,,1/19/2021,Toilettes,"1 Square Simone Morand, 35000 Rennes",Tous publics.,Accessible aux personnes à mobilité réduite.,NA,NA,NA,Toilettes,,,,,,
,,1/19/2021,Toilettes,"Face au 5 rue de Juillet, 35000 Rennes",Tous publics.,Non accessible aux personnes à mobilité réduite.,NA,NA,NA,Toilettes,,,,,,
,,1/19/2021,Toilettes,"Mail Emmanuel Le Ray, 35000 Rennes",Tous publics.,Accessible aux personnes à mobilité réduite.,NA,NA,NA,Toilettes,,,,,,
,,1/19/2021,Toilettes,"Rue Sully Prudhomme, 35000 Rennes",Tous publics.,Accessible aux personnes à mobilité réduite.,NA,NA,NA,Toilettes,,,,,,
,,1/19/2021,Toilettes,"Entrée rue Alain Bouchart, 35000 Rennes",Tous publics.,Accessible aux personnes à mobilité réduite.,NA,NA,NA,Toilettes,,,,,,
,,1/19/2021,Toilettes,"Allée Joseph Germain, 35000 Rennes",Tous publics.,Accessible aux personnes à mobilité réduite.,NA,NA,NA,Toilettes,,,,,,
,,1/19/2021,Toilettes,"1 rue Kléber, 35000 Rennes",Tous publics.,Accessible aux personnes à mobilité réduite.,NA,NA,NA,Toilettes,,,,,,
,,1/19/2021,Toilettes,"Rue de Bourgogne, 35000 Rennes",Tous publics.,Accessible aux personnes à mobilité réduite.,NA,NA,NA,Toilettes,,,,,,
,,1/19/2021,Toilettes,"Apigné Restau, 35000 Rennes",Tous publics.,Accessible aux personnes à mobilité réduite.,NA,NA,NA,Toilettes,,,,,,
,,1/19/2021,Toilettes,"5 Boulevard Alexis Carrel Eglise, 35000 Rennes",Tous publics.,Accessible aux personnes à mobilité réduite.,NA,NA,NA,Toilettes,,,,,,
,,1/19/2021,Toilettes,"50 Canal St. Martin, 35000 Rennes",Tous publics.,Accessible aux personnes à mobilité réduite.,NA,NA,NA,Toilettes,,,,,,
,,1/19/2021,Toilettes,"Square Guy Houist, rue du Bourg l'Évesque, 35000 Rennes",Tous publics.,Accessible aux personnes à mobilité réduite.,NA,NA,NA,Toilettes,,,,,,
,,1/19/2021,Toilettes,"Parc de Villejean, 35000 Rennes",Tous publics.,Accessible aux personnes à mobilité réduite.,NA,NA,NA,Toilettes,,,,,,
,,1/19/2021,Toilettes,"3 rue Louis Guilloux, 35000 Rennes",Tous publics.,Accessible aux personnes à mobilité réduite.,NA,NA,NA,Toilettes,,,,,,
,,1/19/2021,Toilettes,"Face 65 Bd. Alexis Carrel, 35000 Rennes",Tous publics.,Accessible aux personnes à mobilité réduite.,NA,NA,NA,Toilettes,,,,,,
,,1/19/2021,Toilettes,"Esplanade Général de Gaulle (côté rue d'Isly), 35000 Rennes",Tous publics.,Accessible aux personnes à mobilité réduite.,NA,NA,NA,Toilettes,,,,,,
,,1/19/2021,Toilettes,"22 place du Colombier, 35000 Rennes",Tous publics.,Accessible aux personnes à mobilité réduite.,NA,NA,NA,Toilettes,,,,,,
